,Unnamed: 0,smiles,cluster_id,score
1,1,CCCCCCCCCCCCCCCCOC[C@H](COP(=O)(O)OC[C@H]1O[C@H](n2ccc(N)nc2=O)[C@H](F)[C@@H]1O)OC(=O)CCCCCCCCCCCCC,9,16.5
2,2,CCCCCCCCC=CCCCCCCCCOCC(COP(=O)(O)OCC1OC(n2ccc(N)nc2=O)C(F)C1O)OC(=O)CCCCCCCCCCCCCCC,9,12.5
3,3,CCCCCCCCCCCCCCCC(=O)NC(CCCCN)C(=O)NC(Cc1c[nH]c2ccccc12)C(=O)NC(Cc1c[nH]c2ccccc12)C(=O)NC(Cc1c[nH]c2ccccc12)C(=O)NCCCN,9,12.5
4,4,CCCCCCCCC=CCCCCCCCCCC(=O)NCC(COP(=O)(O)OCC1OC(n2ccc(N)nc2=O)C(O)C1O)OC(=O)CCCCCCCCCCCCCCC,9,14.0
8,8,CCCCCCCCCCCCCCCCOC[C@H](CSC[C@H](N)C(=O)N[C@@H](CO)C(=O)N[C@@H](Cc1cnc[nH]1)C(=O)N[C@@H](Cc1ccccc1)C(=O)N[C@@H](CCCCN)C(N)=O)OC(=O)CNC(=O)CCC(=O)O,9,15.0
9,9,CCCCCCCCCCCCCCCCCCOC[C@H](COP(=O)(O)OC[C@H]1O[C@@H](n2cnc3c(N)ncnc32)[C@H](F)[C@@H]1O)OC(=O)CCCCCCCCCCCCCCC,9,11.5
18,18,CCCCCCCCCCCCCCCCCC(=O)N[C@@H](CCCNC(=N)N)C(=O)N[C@H](C(=O)N[C@@H](Cc1c[nH]c2ccccc12)C(=O)N[C@H](C(=O)NCCCC[C@H](N)C(N)=O)C(C)C)[C@@H](C)O,9,11.0
21,21,O=C(NCCCCCCCCCCCCNC(=O)NC(CO)C(=O)NC(CO)C(=O)NCCCCCOP(=O)(O)OCC1OC(n2cnc3c(NCc4ccccc4)nc(O)nc32)C(O)C1O)NC(CO)Cc1ccc(O)cc1,9,14.0
29,29,CCCCCCCCCCCCCCCCCCOCC(CNC(=O)CC[C@H](NS(=O)(=O)c1ccc(Cl)c([N+](=O)[O-])c1)C(=O)O)OCCCCCCCCCCCCC,9,16.0
31,31,CCCCC=CCCCCCCCCCSCC(COP(=O)(O)OCC1C=CC(n2cc(C)c(=O)[nH]c2=O)O1)OC(=O)CCCCCCCCC=CCCCCCCCC,9,11.5
59,59,CCCCCCCCCCCCCCCCSCC(N)C(=O)N[C@@H](Cc1c[nH]c2ccccc12)C(=O)N[C@@H](Cc1c[nH]c2ccccc12)C(=O)N[C@@H](Cc1c[nH]c2ccccc12)C(=O)N[C@@H](CCCCN)C(N)=O,9,12.5
60,60,CCCCCCCCC=CCCCCCCCCC(=O)OCCSCC(N)C(=O)NC(COP(=O)(O)OCC1OC(n2cnc3c(N)ncnc32)C(O)C1O)C(=O)NCC(=O)O,9,11.5
61,61,CCCCCCCCCCCCCCOC[C@H](COP(=O)(O)OC[C@H]1OC(n2ccc(N)nc2=O)[C@H](F)[C@@H]1O)OC(=O)CCCCCCCCCCCCC,9,12.0
62,62,CC(C)[C@H](NC(=O)CCCCCCCCCCCCNC(=O)Cc1cc(O)ccc1NC(=O)c1cc(C(=O)O)cc(C(=O)N[C@@H](Cc2ccc(O)cc2)C(=O)NCCCCCCN)c1)C(=O)N[C@@H](Cc1ccc(O)cc1)C(N)=O,9,12.0
63,63,COC(=O)CCCCCCCCCCCCCCC(=O)NC(CSSCC(NC(=O)CCC(=O)OC)C(=O)NCC(=O)OC)C(=O)NC(COC(=O)CC(C)C)C(N)=O,9,18.5
66,66,CCCCCCCCCCCCCCCCCCCCCCCCCCCCCCCCCCC(=O)N[C@@H](CO[C@H]1O[C@H](CO)[C@H](O)[C@H](O)[C@H]1O)[C@H](O)[C@H](O)CCCCCCCCCCCCCC,9,11.0
67,67,CCCCCCCCCCCCCCCC(=O)O[C@H](CCCCCCCCCCCCCC)CC(=O)N[C@H](COP(=O)(O)OC[C@H]1O[C@@](C#N)(c2ccc3c(N)ncnn23)[C@H](O)[C@@H]1O)[C@H](N)C(=O)O,9,11.0
71,71,CCCCCCCCCCCCCCC(=O)N[C@@H](Cc1ccc(OCc2ccccc2)cc1)[C@H](O)CP(=O)(O)OC[C@@H]1CCCN1C(=O)CCCCCCCCCC,9,12.0
73,73,CCCCCCCC/C=C\CCCCCCCC[N+](C)(C)CC(=O)NCCCC[C@H](NC(=O)[C@H](C)NC(=O)[C@H](CC(C)C)NC(=O)[C@H](Cc1cnc[nH]1)NC(C)=O)C(=O)NCCCCCCCCCCCCCC,9,15.5
81,81,CCCCCCCCCCCCCCCC(=O)OCC(COP(=O)(O)OCC1OC(n2ccc(N)nc2=O)C(F)C1O)OC(=O)CCCCCCCCCCCCCCOC(C)=O,9,14.0
82,82,CCCCC=CCCCCCCCCCCCC(=O)OC(COC(=O)CCCCCCCC=CCCCCCCCC)COP(=O)(O)OCC1OC(n2cc(C)c(=O)[nH]c2=O)CC1N=[N+]=[N-],9,17.0
83,83,CCCCCCCCCCCCCCCCSCC(COP(=O)(O)OP(=O)(O)OCC1OC(n2ccc(N)nc2=O)C(F)C1O)OC(=O)CCCCCCCCCCCCCCCC,9,18.5
85,85,CCCCCCCCCCCCCCCC(=O)N[C@@H](CCCCN)C(=O)N[C@@H](Cc1c[nH]c2ccccc12)C(=O)N[C@@H](Cc1c[nH]c2ccccc12)C(=O)N[C@@H](Cc1c[nH]c2ccccc12)C(=O)N[C@@H](CCCCN)C(N)=O,9,11.5
86,86,CCCCCCCCCCCCCCCCOCCSCC(COP(=O)(O)OC[C@@H]1OC(n2ccc(N)nc2=O)[C@@H](F)[C@@H]1O)OC(=O)CCCCCCCCCCCCCCC,9,12.0
89,89,CCCCCCCCCCCCCCCCCCC(=O)OCC1=C[C@H](OC(=O)CCCCCCCCCCCCCCC)[C@@H](n2cnc3c(=O)[nH]c(N)nc32)O1,9,11.0
94,94,CCCCCCCCCCCCCCCCCCCCCC(=O)NC(COC1OC(CO)C(O)C(O)C1O)C(O)C(O)CCCCCCCCCCCCCCCC,9,14.0
101,101,CCCCCCCCCCCCCCCCCCCCCCCCCCCCCCC(=O)N[C@@H](CO[C@H]1O[C@H](CO)[C@H](O)[C@H](O)[C@H]1O)[C@H](O)[C@H](F)[C@H](O)CCCCCCCCCCCCCCC,9,11.0
105,105,CCCCCCCCCCCCCCCOC[C@H](COP(=O)([O-])OC[C@H]1O[C@@H](n2ccc(N)nc2=O)[C@@H](F)[C@@H]1O)OC(=O)CCCCCCCCCCCCC,9,11.5
106,106,c1ccc(CNCCCNCCCNCCCNCCCN(CCCNCCCN(CCCCNCCCNCc2cccc3ccccc23)CCCNc2ccnc3ccccc23)CCCNCc2ccccc2)cc1,9,11.5
107,107,CCCCCCCCC=CCCCCCCCC(=O)NCC(COP(=O)(O)OCC1OC(n2ccc(N)nc2=O)C(O)C1O)OC(=O)CCCCCCCCCCC,9,11.5
108,108,CCCCCCCCCCCCCC(=O)Oc1ccc(CNP(=O)(OCc2ccc(OC(=O)CCCCCCCCCCC)cc2)OP(=O)(O)OC[C@H]2OC(n3ccc(=O)[nH]c3=O)[C@H](F)[C@@H]2O)cc1,9,17.0
109,109,CCCCCCCCCCCCCCCC(=O)OCC(COP(=O)(O)OC[C@H]1O[C@@H](n2ccc(N)nc2=O)[C@H](F)[C@@H]1O)OC(=O)CCCCCCCCCCCCC,9,12.0
113,113,CCCCCCCCCCCCCCCCCCCC(=O)OC(COP(=O)(O)OCC1OC(n2ccc(N)nc2=O)C(F)(F)C1O)CSCCOCCCCCCCCCCCCCCCC,9,16.5
118,118,CCCCCCCCCCCCCCC(=O)O[C@H](COCCCCCCCCCCCC)COP(=O)([O-])OC[C@H]1O[C@@H](n2cnc3c(N)ncnc32)[C@H](F)[C@@H]1O,9,12.0
121,121,CC(C)CC(NC(=O)[C@@H](NC(=O)[C@@H](N)CNC(=O)c1nn[nH]n1)C(C)C)C(=O)NC(Cc1ccc(O)cc1)C(=O)N1CCC[C@H]1C(=O)N[C@@H](CCS)C(=O)N[C@@H](CC(=O)O)C(=O)O,7,19.0
131,131,CC(C)C[C@H](NC(=O)[C@H](CC(N)=O)NC(=O)[C@@H](NC(=O)[C@@H](N)C(C)C)[C@@H](C)O)C(=O)N[C@@H](Cc1c[nH]c2ccccc12)C(=O)N[C@@H](CO)C(=O)N[C@H](C(=O)O)[C@@H](C)O,7,11.5
141,141,CC(C)[C@H](NC(=O)CNC(=O)[C@@H](NC(=O)[C@H](Cc1ccccc1)NC(=O)CNC(=O)C1(NC(=O)[C@H](CCCNC(=N)N)NC(=O)[C@@H](N)CCCNC(=N)N)CCC1)C(C)C)C(N)=O,7,11.0
142,142,CC(C)CC(NC(=O)[C@H](CCC(N)=O)NC(=O)CCc1ccccc1)C(O)CC(=O)N[C@@H](Cc1ccccc1)C(=O)N[C@@H](CC(C)C)C(=O)NCC(=O)N[C@@H](CC(=O)O)C(=O)N[C@@H](CC(N)=O)C(N)=O,7,18.0
152,152,CC[C@H](C)[C@H](NC(=O)[C@@H](N)CCC(=O)O)C(=O)N[C@H](C(=O)N[C@@H](CC(C)C)[C@@H](O)C(=O)N1C[C@H](Oc2ccccc2)C[C@H]1C(=O)NCC(=O)N[C@@H](CCSC)C(=O)O)C(C)C,7,17.5
154,154,CC(C)C[C@@H](C=O)NC(=O)[C@H](CCC(=O)O)NC(=O)[C@H](CC(C)C)NC(=O)[C@H](CC(=O)O)NC(=O)CNC(=O)[C@H](CCC(=O)O)NC(=O)[C@H](CO)NC(=O)Cc1ccc(NC(=O)c2ccccc2)cc1,7,12.5
160,160,CCCC[C@H](NC(=O)[C@H](CCC(=O)O)NC(=O)[C@H](Cc1ccccc1)NC(C)=O)C(=O)N[C@@H](CC(C)C)C(=O)N[C@@H](CCC(=O)O)C(=O)N[C@@H](Cc1ccc(O)cc1)C(N)=O,7,13.5
162,162,CC(C)CC(NC(=O)[C@@H](Cc1ccccc1)NC(=O)[C@H](CCC(=O)O)NC(=O)[C@H](CCC(=O)O)NC(=O)[C@H](CC(C)C)NC(=O)[C@@H](N)CO)C(=O)NC(Cc1ccccc1)C(=O)O,7,24.0
163,163,CC(C)C[C@@H](NC(=O)[C@H](Cc1ccccc1)NC(=O)CNC(=O)[C@H](CCC(=O)O)NC(=O)CN)C(=O)N[C@@H](CCC(=O)O)C(=O)N[C@@H](CC(=O)O)C(=O)N[C@@H](CC(=O)O)C(=O)O,7,16.0
169,169,CC(C)C[C@H](NC(=O)[C@@H](NC(=O)[C@H](CCC(N)=O)NC(=O)[C@H](CCC(N)=O)NC(=O)[C@H](Cc1c[nH]c2ccccc12)Nc1ccccc1)C(C)O)C(=O)NC(CCC(N)=O)C(=O)N[C@@H](CCCCN)C(=O)O,7,20.0
175,175,CCC[C@H](NC(=O)[C@H](CCCCN)NC(=O)[C@H](CCCNC(=N)N)NC(C)=O)C(=O)N[C@@H](Cc1ccc(O)cc1)C(=O)N[C@@H](CCC(=O)O)C(=O)N[C@@H](CCC(=O)O)C(=O)N[C@@H](CCC(=O)O)C(N)=O,7,15.5
178,178,CSCC[C@H](NC(=O)[C@H](Cc1ccccc1)NC[C@@H](NCc1ccc(O)cc1)C(=O)O)C(=O)N[C@@H](Cc1ccc(O)cc1)C(=O)N[C@@H](CC(=O)O)C(=O)N[C@@H](CC(C)C)C(=O)N[C@@H](CC(=O)O)C(N)=O,7,23.0
181,181,CC(C)CC(NC(=O)CC(O)C(Cc1ccccc1)NC(=O)CC(NC(=O)C(N)CCC(N)=O)C(N)=O)C(=O)NC(CC(C)C)C(=O)NC(Cc1ccccc1)C(=O)O,7,14.5
182,182,CC(C)C[C@H](NC(=O)/C=C\c1ccc(OP(=O)(O)O)cc1)C(=O)N1CCC[C@H]1C(=O)N[C@@H](CCC(N)=O)C(=O)N1CCC[C@H]1C(=O)N[C@@H](CCSCCO)C(=O)N[C@@H](CC(N)=O)C(N)=O,7,13.5
185,185,CCOC(=O)CC(NC(=O)C(NC(=O)CC(O)C(CC(C)C)NC(=O)C(CC(C)C)NC(=O)C(CC(C)C)NC(=O)C(Cc1ccccc1)NC(=O)CC(N)=O)c1ccccc1)C(C)O,7,12.5
188,188,CC(C)CC(NC(=O)[C@@H](NC(=O)[C@H](Cc1c[nH]c2ccccc12)NC(=O)[C@H](CCCNC(=N)N)NC(=O)Cc1c[nH]c2ccccc12)C(C)C)C(=O)N[C@@H](CCCNC(=N)N)C(=O)N[C@@H](CC(=O)O)C(N)=O,7,12.0
195,195,CC(C)C[C@H](NC(=O)[C@H](CO)NC(=O)[C@H](CC(N)=O)NC(=O)[C@H](CO)NC(=O)[C@H](CO)NC(=O)[C@@H](NC(=O)[C@@H](N)CCO)[C@@H](C)O)C(=O)N[C@@H](Cc1ccccc1)C(=O)NCC(=O)O,7,14.0
197,197,CC(C)C[C@H](NC(=O)[C@@H](NC(=O)[C@H](Cc1c[nH]c2ccccc12)NC(=O)[C@H](CCCNC(=N)N)NC(=O)CCC(=O)O)C(C)(C)C)[C@@H](O)CC(=O)N[C@H](C(=O)NCc1ccccc1)C(C)C,7,14.5
199,199,CC(C)CC(NC(=O)C(N)CCC(=O)O)C(=O)NCC(=O)NC(Cc1c[nH]c2ccccc12)C(=O)NC(C(=O)NC(CCC(=O)O)C(=O)NC(Cc1ccccc1)C(=O)O)C(C)C,7,13.0
209,209,CC(=O)N[C@@H](CC(=O)O)C(=O)N[C@@H](CO)C(=O)N[C@@H](CC(=O)O)C(=O)NCC(=O)N[C@@H](CCC(=O)O)C(=O)N[C@@H](C)C(=O)N[C@@H](CC(C)C)[C@@H](O)CC(=O)O,7,12.0
211,211,CC(C)[C@H](NC(=O)[C@H](CC(=O)O)NC(=O)[C@H](CC(N)=O)NC(=O)[C@H](CC(N)=O)NC(=O)CCCCC(=O)Nc1cccc(Sc2nc3ccccc3s2)c1)C(=O)N[C@H](C(=O)NCC(=O)O)C(C)C,7,22.0
219,219,CC(CC(=O)NC(C)(CCCNC(=N)N)C(=O)NC(CC(N)=O)C(=O)NC(CO)C(N)=O)NC(=O)C(Cc1c[nH]c2ccccc12)NC(=O)C(Cc1c[nH]c2ccccc12)NC(=O)C(N)CCCNC(=N)N,7,15.5
221,221,CC(C)C[C@H](NC(=O)[C@@H](N)CO)C(=O)N[C@@H](CCCN=C(N)N)C(=O)N[C@H](C(=O)N[C@@H](CC(C)C)[C@@H](O)CC(=O)N[C@@H](CC(=O)O)C(=O)N[C@@H](CO)C(=O)O)C1CCCCC1,7,12.5
228,228,CC(C)C[C@H](NC(=O)[C@H](CC(C)C)NC(=O)[C@H](CCCN=C(N)N)NC(=O)[C@H](CC(N)=O)NC(=O)[C@H](CO)NC(=O)CCCCN=C(N)N)C(=O)N[C@@H](CCCN=C(N)N)C(=O)NCCCCN,7,11.0
229,229,CCCCCCCCSC[C@@H](N)[C@H](O)C(=O)N[C@@H](Cc1ccc(O)cc1)C(=O)N[C@@H](C)C(=O)N[C@@H](C)C(=O)N[C@@H](CC(C)C)C(=O)N[C@@H](CCC(=O)O)C(=O)N[C@@H](Cc1ccccc1)C(=O)O,7,11.5
230,230,CC(C)C[C@H](N)C(=O)N[C@@H](CCC(N)=O)C(=O)N[C@@H](Cc1ccccc1)C(=O)N[C@H](C(=O)N[C@@H](CCCN=C(N)N)C(=O)N[C@@H](CC(=O)O)C(=O)N[C@@H](Cc1ccc(O)cc1)C(=O)O)C(C)C,7,14.5
237,237,CC(=O)N[C@@H](CC(=O)O)C(=O)N[C@H](C(=O)N1CCC[C@H]1C(=O)N[C@@H](CCCNC(=N)N)C(=O)N1CCC[C@H]1C(=O)N[C@@H](CC(=O)O)C(=O)N[C@@H](Cc1ccc(O)cc1)C(=O)O)C(C)C,7,12.0
241,241,CC(C)C[C@H](NC(=O)[C@@H](O)[C@H](N)Cc1ccccc1)C(=O)N[C@@H](CCCN=C(N)N)C(=O)N[C@@H](CCCCN)C(=O)N[C@H](C(=O)N[C@@H](C)C(=O)N[C@@H](CCC(=O)O)C(=O)O)C(C)C,7,16.0
243,243,CCC(=O)NCCCC[C@H](NC(=O)[C@H](C)NC(=O)[C@@H](N)Cc1c(C)[nH]c2ccccc12)C(=O)N[C@@H](Cc1ccccc1)C(=O)N[C@@H](C)C(=O)N[C@@H](CC(C)C)C(=O)N[C@@H](CCCNC(=N)N)C(=O)O,7,13.5
250,250,CC(=O)N[C@@H](Cc1ccc(OP(=O)(O)O)cc1)C(=O)N[C@@H](CC(C)C)C(=O)N1CCC[C@H]1C(=O)N[C@@H](CC(N)=O)C(=O)N[C@@H](CO)C(=O)N[C@@H](CCC(=O)O)C(N)=O,7,12.0
251,251,CCCCCCCCCCCCCCCC(=O)NC(COP(=O)(O)OCC1OC(n2ccc(N)nc2=O)C(F)C1O)C(=O)NC(CCC(=O)O)C(=O)NC(CCC(=O)O)C(N)=O,7,24.5
253,253,CC(C)[C@H](NC(=O)[C@H](CCC(=O)O)NC(=O)[C@@H](N)CC(=O)O)C(=O)N[C@H](C(=O)N[C@@H](CCC(=O)O)C(=O)N[C@@H](CC(=O)O)C(=O)N[C@@H](Cc1ccccc1)C(=O)O)C(C)C,7,11.5
262,262,CC(=O)N[C@@H](Cc1ccc(OP(=O)(O)O)cc1)C(=O)N[C@H](C(=O)N1CCCC1C(=O)N[C@@H](CC(N)=O)C(=O)N[C@@H](CCO)C(=O)N[C@@H](CCC(N)=O)C(=O)N[C@@H](CO)C(N)=O)C(C)C,7,12.0
267,267,CC[C@H](NC(=O)[C@H](CC(C)C)NC(=O)[C@H](CCC(N)=O)NC(=O)[C@H](Cc1c[nH]c2ccccc12)NC(C)=O)C(=O)NC(Cc1ccccc1)C(=O)N[C@@H](CCCN=C(N)N)C(=O)N[C@@H](CC(N)=O)C(N)=O,7,16.5
269,269,CCCC(C)C(=O)N(C[N+](=O)[O-])NC(=O)[C@H](CC(C)C)NC(=O)[C@H](Cc1ccccc1)NC(=O)[C@@H](NC(=O)[C@H](Cc1c[nH]c2ccccc12)NC(=O)[C@H](CCC(=O)O)NC(=O)[C@@H](N)CO)C(C)C,7,13.5
274,274,C=CC(=O)N[C@H]1CCN(C(=O)c2cccc(CN(C(=O)N3Cc4cnc(Nc5ccc(CCC(=O)N6CCOCC6)cc5OC)nc43)c3c(Cl)c(OC)cc(OC)c3Cl)c2)C1,2,13.0
275,275,COc1ccc(NC(=O)c2ccc(C3C(C(=O)N/N=C/c4ccc(OCCCCC[P+](c5ccccc5)(c5ccccc5)c5ccccc5)cc4)=C(C)NC4=C3C(=O)CC3CC=CC=CC=C43)cc2)cc1,2,16.0
276,276,Cn1c(N2CCO[C@@H](c3ccc(N4CCN(C5CCN(Cc6ccc(C(=O)Nc7ccc8c(c7)C(=O)OC8)cc6)CC5)CC4)cc3)C2)nc(-c2ccncc2F)cc1=O,2,20.5
277,277,CN1CCN(c2nc(Nc3ccc4c(NC(=O)CCCCCC(=O)NCCCNC(=O)CCCCC5SCC6NC(=O)NC65)nc(N)nc4c3)nc(N3CCOCC3)n2)CC1,2,12.0
282,282,O=C(CCSC[C@H]1O[C@@H](n2cnc3c(NCc4ccc(O)cc4)ncnc32)[C@H](O)[C@@H]1O)NCCNC(=O)[C@@H](Cc1c[nH]c2ccccc12)NC(=O)[C@H](Cc1ccccc1)NC(=O)c1cccc2ccccc12,2,15.5
283,283,O=C(N[C@@H](Cc1ccccc1)C(=O)N[C@@H](Cc1c[nH]c2ccccc12)C(=O)N[C@@H](Cc1ccccc1)C(=O)N[C@H](/C=C/S(=O)(=O)c1ccccc1)CCc1ccccc1)OCc1ccccc1,2,25.5
284,284,COc1ccc(/C=C/c2cc(/C=C/c3ccc(OCCCCCCCCC[P+](c4ccc(OC)cc4)(c4cccs4)c4cccs4)cc3)nc(OCCCCCC[P+](c3ccccc3)(c3ccccc3)c3cccs3)c2)cc1,2,23.5
285,285,CC1(C)CC[C@]2(C(=O)OCCCCCN3C(=O)c4ccccc4C3=O)CC[C@]3(C)C(=CC[C@@H]4[C@@]5(C)C/C(=C\c6ccc([N+](=O)[O-])cc6)C(=O)C(C)(C)[C@@H]5CC[C@]43C)[C@@H]2C1,2,14.0
286,286,C=C(C)C1CCC2(C(=O)OCCN3CCN(C(=O)c4ccc(OC)cc4)CC3)CCC3(C)C(CCC4C5(C)CCC(OC(=O)CC(C)(C)C(=O)O)C(C)(C)C5CCC43C)C12,2,21.0
287,287,O=C(Cc1ccc(-c2ccccc2)cc1)N[C@H](Cc1ccccc1)[C@H](O)C(=O)N1C[C@H](OCc2ccccn2)C[C@H]1C(=O)NC(CC1CCCCC1)C(=O)NCCNc1ccccn1,2,12.0
289,289,O=C(N[C@H](CO)c1ccccc1)[C@H](Cc1c[nH]c2ccccc12)NC(=O)[C@H](CCC(=O)N1CCN(C(=O)c2ccccc2)CC1)N1CCN(C(c2ccccc2)c2ccccc2)CC1,2,15.5
290,290,O=C(N[C@H](Cc1c[nH]c2ccccc12)C(=O)N[C@@H](CCCCNC(=O)c1ccc(-c2ccccc2)cc1)C(=O)N[C@@H](Cc1ccccc1)C(=O)NCCCCNc1c2c(nc3ccccc13)CCCC2)OCc1ccccc1,2,19.5
293,293,CCC[C@H](NC(=O)[C@@H]1C[C@@H](OC(=O)N2Cc3ccccc3C2)CN1C(=O)[C@@H](NC(=O)[C@H](NC(=O)c1cnccn1)C(C)CC)C(C)C)B1O[C@@H]2C[C@@H]3C[C@@H](C3(C)C)[C@]2(C)O1,2,15.5
295,295,CC(C)CC1NC(=O)C(Cc2ccccc2)NC(=O)C(CO)NC(=O)C(CCCCN)NC(=O)C(CC(=O)O)NC(=O)C2CCCN2C(=O)C2CCCN2C(=O)C(Cc2ccc(O)cc2)NC1=O,2,12.5
297,297,Cc1cc(C(=O)Nc2ccc(CN3CCN(C(=O)C4CCCC4)CC3)c(C(F)(F)F)c2)n(-c2cc3ccccc3cc2CN2CCC[C@H](NC(=O)[C@@H](N)C(C)C)C2)n1,2,17.0
299,299,CC(C)C[C@@H]1NC(=O)[C@H](Cc2ccc(O)cc2)NC(=O)[C@@H]2CCCN2C(=O)[C@H](CC(C)C)NC(=O)[C@@H]2CCCN2C(=O)[C@H](CCCCN)NC(=O)[C@@H]2CCCN2C(=O)[C@H]2CCCN2C1=O,2,12.0
300,300,NC(N)=NCCC[C@@H]1NC(=O)[C@H](Cc2ccc3ccccc3c2)NC(=O)[C@H](Cc2c[nH]cn2)NC(=O)[C@H]2CCCN2C(=O)[C@H](Cc2ccc(O)cc2)NC1=O,2,13.0
301,301,CN1CCN(c2ccc(-c3ccc(C(=O)NS(C)(=O)=O)c(OCCCN4CCOCC4)c3)cc2NC(=O)Nc2ccc(Oc3cc(NC(=O)c4cccs4)cc(S(=O)(=O)C(F)(F)F)c3)c3ccccc23)CC1,2,12.0
302,302,CC(C)[C@@H]1NC(=O)[C@@H]([C@H](O)Cc2ccccc2)NC(=O)[C@@H]2CCCN2C(=O)[C@@H](Cc2ccc(O)cc2)N(C)C(=O)[C@@H]2CCCN2C(=O)[C@@H](Cc2ccccc2)N(C)C(=O)[C@@H]2CCCN2C1=O,2,13.0
304,304,CC1(C)Cc2cc(CN3CCN(c4ccc(C(=O)NS(=O)(=O)c5cnc(OCCOC6CCOCC6)c(Cl)c5)c(Oc5cccc6[nH]ccc56)c4)CC3)ccc2O1,2,13.5
308,308,CC(C)C[C@@H]1NC(=O)[C@H](Cc2ccc(O)cc2)NC(=O)[C@H](CCCCN)NC(=O)[C@H]2CCCN2C(=O)[C@H]2CCCN2C(=O)[C@H](Cc2ccc3ccccc3c2)N(C)C(=O)[C@@H]2CCCN2C1=O,2,14.5
311,311,CC(C)CCCC(C)C1CCC2C3CC(COP(=O)(O)OP(=O)(O)OCC4OC(n5cnc6c(N)nc(N)nc65)C(O)C4O)(OC=O)C4(O)C(O)CCCC4(C)C3CCC12C,2,15.5
313,313,O=C(N[C@H](C(=O)N[C@@H](Cc1cccc(Cl)c1)[C@H](O)C(=O)N1CSC(Cn2cncn2)(c2ccc(Cl)c(Cl)c2)[C@H]1C(=O)NCc1ccc(Cn2cncn2)cc1)C1CCCCC1)OCc1ccccc1,2,21.5
316,316,Cc1cc(O)cc(C)c1C[C@H](N)C(=O)N1Cc2[nH]c3ccccc3c2C[C@H]1C(=O)N[C@@H](Cc1ccccc1)C(=O)N[C@@H](Cc1cnc[nH]1)C(=O)N[C@@H](Cc1ccccc1)C(N)=O,2,12.5
317,317,CCC(CC)(CO)Nc1nc(SCc2cccc(-c3cccc(-c4cccc(-c5nc6cc(CN7CCC[C@H]7C(=O)O)cc(C#N)c6o5)c4C)c3C)c2C)nc(N2CCC(CC(=O)O)CC2)c1Cl,2,12.0
318,318,CC(C)C[C@H]1NC(=O)[C@@H](CCCCN)NC(=O)[C@@H](Cc2c[nH]c3ccccc23)NC(=O)[C@H](Cc2ccc(O)cc2)NC(=O)[C@H](CCCNC(=N)N)NC(=O)[C@H](Cc2ccccc2)NC1=O,2,11.5
319,319,CC[C@]1(O)C[C@H]2CN(CCc3c([nH]c4ccc(-c5ccccc5)cc34)[C@](C(=O)OC)(c3cc4c(cc3OC)N(C)[C@H]3[C@@](O)(C(=O)OC)[C@H](O)[C@]5(CC)C=CCN6CC[C@]43[C@@H]65)C2)C1,2,14.0
320,320,NC1(C(=O)N[C@@H](Cc2c[nH]c3ccccc23)C(=O)N[C@@H](Cc2ccc(-c3ccccc3)cc2)C(=O)NS(=O)(=O)c2ccccc2)CCN(c2ncnc3[nH]ccc23)CC1,2,15.0
321,321,CC1(C)CC[C@]2(C(=O)OCc3ccccc3)CC[C@]3(C)C(=CC[C@@H]4[C@@]5(C)CC[C@H](OC(=O)CCC(=O)OCCOCCOc6no[n+]([O-])c6S(=O)(=O)c6ccccc6)C(C)(C)[C@@H]5CC[C@]43C)[C@@H]2C1,2,11.0
324,324,COC(=O)N[C@H](C(=O)N1CCC[C@H]1c1ncc(-c2cc(OCCOCc3cn(CCC#Cc4cnc([C@@H]5CCCN5C(=O)[C@H](NC(=O)OC)c5ccccc5)[nH]4)nn3)cc(-c3ccc(Cl)cc3)c2)[nH]1)C(C)C,2,16.0
326,326,CC(C)(O)[C@H](F)CNC(=O)c1cnc(-c2ccc3cc(C#N)cnn23)cc1Nc1cnc(N2CCC(CN3CCOCC3)(NC(=O)c3ccc(-n4cnnn4)cc3)CC2)nc1,2,18.5
330,330,N=C(N)NCCC[C@@H]1NC(=O)[C@@H](N)CSSC[C@@H](C(=O)N[C@@H](Cc2ccc3ccccc3c2)C(N)=O)NC(=O)[C@H](CCCNC(=N)N)NC(=O)[C@@H](Cc2ccc(O)cc2)NC1=O,2,13.5
333,333,CC(=O)O[C@H]1C(=O)[C@]2(C)[C@@H](OC(=O)/C=C/c3ccc4ccccc4c3)C[C@H]3OC[C@@]3(OC(C)=O)[C@H]2[C@H](OCc2ccccc2)[C@]2(O)C[C@H](OCc3ccccc3)C(C)=C1C2(C)C,2,12.5
334,334,CC(C)[C@@H]1NC(=O)[C@@H](Cc2ccccc2)NC(=O)[C@H](Cc2ccc(O)cc2)NC(=O)[C@H](CCC(N)=O)NC(=O)CNC(=O)[C@H](CCCNC(=N)N)NC(=O)[C@@H]2CCCN2C(=O)[C@H]2CCCN2C1=O,2,14.5
336,336,O=C(NC(Cc1ccc(-c2ccccc2-c2nn[nH]n2)cc1)C(=O)NCCCCCCCCC[P+](c1ccccc1)(c1ccccc1)c1ccccc1)OCC1c2ccccc2-c2ccccc21,2,23.5
337,337,N=C(N)N1CCCC(C[C@H](NC(=O)CN2C(=O)[C@@H](CC3CCCCC3)N(Cc3ccc(-c4cccc([N+](=O)[O-])c4)cc3)C(=O)[C@@H]2Cc2ccccc2)C(=O)c2nccs2)C1,2,17.5
338,338,CC(C)CC1NC(=O)C(Cc2ccccc2)NC(=O)C(CCCCN)NC(=O)C2CCCN2C(=O)C(CC(=O)O)NC(=O)C(CC(=O)O)NC(=O)CNC(=O)C(Cc2ccccc2)NC1=O,2,13.0
342,342,CC(C)[C@H]1NC(=O)[C@H](CCCNC(=N)N)NC(=O)[C@H](Cc2c[nH]c3ccccc23)NC(=O)[C@H](CN)NC(=O)[C@@H](Cc2ccccc2)NC(=O)[C@@H](N)CSSC[C@@H](C(=O)O)NC(=O)[C@H](C)NC1=O,2,11.0
345,345,CCC(C)C1NC(O)C(Cc2ccccc2)NC(=O)C(Cc2c[nH]cn2)NC(=O)C(Cc2ccccc2)NC(=O)C2CCCN2C(=O)C2CCCN2C(=O)C(C)NC1=O,2,11.0
346,346,COc1ccc(C2=NN(c3ccc(S(=O)(=O)NC(=O)c4ccc(N5CCN(CC6=C(c7ccc(OC)cc7)CCOC6)CC5)cc4Oc4ccccc4C)cc3)C(c3ccc(OC)cc3)C2)cc1,2,15.0
348,348,CNC(=O)OC1(C)CCN(c2ccc(Nc3ncc4c(CCCCCC(=O)Nc5cc6ncn(C7CCCC7)c(=O)c6cc5F)cn(C5CCCC5)c4n3)cc2)CC1,2,17.0
349,349,O=C1NC(=O)C(c2cn3c4c(cccc24)CN(C(=O)CCCCCCCCNC(=O)c2cc4ccccc4s2)CC3)=C1c1cn(COCCN2CCOCC2)c2ccccc12,2,14.5
350,350,CC(C)C[C@@H]1NC(=O)[C@H](Cc2ccccc2)NC(=O)[C@@H](CCCCN)NC(=O)[C@H]2CCCN2C(=O)[C@@H](Cc2ccccc2)NC(=O)[C@@H]2CCCN2C(=O)[C@H](CC(C)C)NC1=O,2,14.5
353,353,COc1cc(OC)c(Cl)c(-c2cc3cnc(Nc4ccc(N5CCN(C(=O)CCCCCC(=O)Nc6cccc7c6C(=O)N(C6CCC(=O)NC6=O)C7=O)CC5)cc4)nc3n(C)c2=O)c1Cl,2,17.5
359,359,Cc1cn([C@@H]2O[C@H](CO)[C@@H](O)[C@H]2NC(=O)Nc2ccc(Nc3c4cc(NC(=O)/C=C\c5ccc(O)cc5)ccc4nc4ccc(NC(=O)/C=C/c5ccc(O)cc5)cc34)cc2)c(=O)[nH]c1=S,2,19.5
360,360,CC(C)C1NC(=O)C(Cc2ccc(O)cc2)NC(=O)CCSSCC(C(=O)N2CCCC2C(=O)N2CCC(Cc3ccccc3)C2)NC(=O)C(CC(N)=O)NC1=O,2,16.5
361,361,COC(=O)c1ccc(CSc2nnc([C@H](Cc3c[nH]c4ccccc34)NC(=O)[C@H](Cc3c[nH]c4ccccc34)NC(=O)[C@H](CCC(N)=O)NC(=O)OCc3ccccc3)n2CCCc2c[nH]c3ccccc23)cc1,2,22.5
362,362,CC(C)CC1NC(=O)[C@@H](Cc2ccc(O)cc2)NC(=O)[C@H](CC(C)C)NC(=O)[C@@H]2CCCN2C(=O)CNC(=O)[C@@H]2CCCN2C(=O)[C@H](CCC(N)=O)NC(=O)[C@@H](Cc2c[nH]cn2)NC1=O,2,13.5
366,366,C=C[C@]1(C)C[C@@H](OC(=O)CSCCN2CCN(C(=O)CCn3cnc4c(N5CCC(N)C5)nc(N)nc43)CC2)[C@]2(C)[C@H](C)CC[C@]3(CCC(=O)[C@@H]32)[C@@H](C)[C@@H]1O,2,11.0
368,368,Cc1ccc(F)c(S(=O)(=O)N2CCN(c3ccc(C(=O)N4CCN(Cc5ccccc5)CC4)c(OCc4cn(Cc5cn(Cc6cccc(F)c6)nn5)nn4)c3)CC2)c1,2,12.5
369,369,CC1(C)OB(OCC2OC(n3cc(Cc4ccc(C5C(C#N)=C(N)Oc6c5ccc5ccccc65)nn4)c(=O)[nH]c3=O)CC2O)OC1Cn1ccc(=O)[nH]c1=O,2,15.5
373,373,O=C(N[C@H](C(=O)N1C[C@H](O)C[C@H]1C(=O)NCc1ccc(-c2scnc2C(=O)N2Cc3ccccc3C[C@H]2CO)cc1)C1(c2ccccc2)CCCCC1)Oc1ccccc1,2,21.5
374,374,CC(=O)N[C@@H]1CSSC[C@H](C(N)=O)NC(=O)[C@@H](CCCCN)NC(=O)[C@H](Cc2c[nH]c3ccccc23)NC(=O)[C@H](Cc2ccccc2)NC(=O)[C@H](Cc2c[nH]cn2)NC(=O)[C@H](Cc2ccccc2)NC1=O,2,14.5
376,376,CCCC[C@@H]1NC(=O)[C@H](CCCNC(=N)N)NC(=O)[C@H](Cc2ccc3ccccc3c2)NC(=O)[C@@H]2CCCN2C(=O)[C@H]2CCCN2C(=O)[C@@H](Cc2ccc3ccccc3c2)NC(=O)[C@H](Cc2ccccc2)NC1=O,2,12.0
379,379,CCNCCNc1ccc(S(=O)(=O)NC(=O)c2ccc(N3CCN(CC4=C(c5ccc(Cl)cc5)CC(C)(C)CC4)CC3)cc2Oc2cccc3c2CN(C)CC(C)(C)O3)cc1[N+](=O)[O-],2,13.5
380,380,O=C(C(c1ccc(O)cc1)N1CCN(c2ncnc3sc4c(c23)CCC4)CC1)N1CCC(Oc2ccc(NS(=O)(=O)c3cccc4c(S(=O)(=O)[O-])cccc34)cc2)CC1,2,12.0
381,381,C[C@H]1NC(=O)[C@H](Cc2ccccc2)NC(=O)[C@H](Cc2c[nH]c3ccccc23)NC(=O)[C@H](CCCCN)N(C)C(=O)[C@@H](Cc2ccccc2)NC(=O)[C@@H](Cc2ccccc2)NC1=O,2,11.0
384,384,CC(O)C1NC(=O)C(CC(=O)O)NC(=O)C(CC(=O)O)NC(=O)C(Cc2ccccc2)NC(=O)CCCCCCCNC(=O)C2CCCN2C(=O)C(Cc2ccccc2)NC1=O,2,13.0
386,386,N=C(N)NCCCC1NC(=O)[C@@H](Cc2ccccc2)NC(=O)CCCCCCCCNC(=O)[C@@H](Cc2c[nH]cn2)NC(=O)[C@@H]2CCCN2C(=O)[C@@H](Cc2ccc3ccccc3c2)NC1=O,2,21.5
390,390,C[C@@H](O)[C@@H]1NC(=O)[C@H](CCCCN)NC(=O)[C@@H](Cc2c[nH]c3ccccc23)NC(=O)[C@H](Cc2ccccc2)NC(=O)[C@@H](N)CSSC[C@H](C(=O)O)NC(=O)[C@H](Cc2ccccc2)NC1=O,2,15.0
395,395,CC1=C(O)C(=C2SC(C)(C)C(O)=C2C)C2CC=C3[C@](C)(CC[C@H]4C(C)(C)[C@@H](OC(=O)Cc5ccccc5)[C@H](OC(=O)C=Cc5ccc6c(c5)OCO6)C[C@]34C)[C@H]2[C@H](OCc2ccccc2)C1=O,2,24.5
396,396,CN1CCC(Nc2ccc(S(=O)(=O)NC(=O)c3ccc(-c4ccc(N5CCCC5c5cccc(C#CC6CCCC6)c5)cc4)cc3Oc3ccc4[nH]ccc4c3)cc2[N+](=O)[O-])CC1,2,11.5
397,397,CC1(C)CC[C@]2(C(=O)OCCCCOc3ccccc3)CC[C@]3(C)C(=CC[C@@H]4[C@@]5(C)CC[C@H](O)[C@@](C)(COC(=O)c6cn(CC(=O)O)c7ccccc67)[C@@H]5CC[C@]43C)[C@@H]2C1,2,14.0
401,401,CC(C)[C@H]1NC(=O)[C@H](CCCCN)NC(=O)[C@H](Cc2c[nH]c3ccccc23)NC(=O)[C@H](Cc2ccc(O)cc2)NC(=O)[C@H](Cc2ccccc2)NC(=O)[C@@H]2CCCN2C(=O)[C@H](Cc2ccccc2)NC1=O,2,13.5
402,402,C=CC(=O)Nc1cc(N2CCN(CCN3CCOCC3)CC2)ccc1Nc1ncc2cc(-c3c(Cl)c(OC)cc(OC)c3Cl)c(=O)n(CCOCCOCCN3CCN(c4ccc(-c5ncn(C)n5)cc4)CC3)c2n1,2,12.0
406,406,CCC[C@H](C)C(=O)N1C[C@H](OC(=O)N2Cc3cc4c(cc3C[C@H]2C(=O)N[C@@H](Cc2ccc(-c3ccc(Cl)cc3)cc2)C(=O)O)OC[C@H](c2ccc(OCc3ccc(Cl)c(Cl)c3)cc2)O4)C[C@H]1C(=O)O,2,13.5
410,410,C=C(C)C1CCC2(C(=O)OCCCCCCCCn3cc(CNC(=O)C(CCC(N)=O)NC(=O)OCc4ccccc4)nn3)CCC3(C)C(CCC4C5(C)CCC(O)C(C)(C)C5CCC43C)C12,2,16.5
411,411,CCc1cc(OC)c(OC)cc1CN1CCCN(CC(O)CN2C(=O)NC(C(=O)Nc3ccc(C(=O)NCCCCCNc4cccc5c4C(=O)N(C4CCC(=O)NC4=O)C5=O)cc3)C2C)CC1,2,12.0
415,415,CCN1CCN(C(=O)CC[C@@H](C)[C@H]2CC[C@H]3[C@@H]4[C@H](OC(=O)c5ccccc5)C[C@@H]5C[C@H](OC(=O)c6ccccc6)CC[C@]5(C)[C@H]4C[C@H](O[N+](=O)[O-])[C@]23C)CC1,2,14.0
416,416,CC(C)(C)[C@H]1C[C@]2(C)[C@H](C[C@H]3C[C@H](OCc4ccccc4)[C@]45COC[C@@](C)([C@@H](COCc6ccccc6)OC(=O)/C=C/c6ccccc6)[C@@H]4CC[C@@H]2[C@H]35)CN1CC1CCCCC1,2,11.0
420,420,CC(C)C[C@@H]1NC(=O)[C@@H]([C@H](C)O)NC(=O)[C@H](CC(N)=O)NC(=O)CCCCCCCCNC(=O)[C@@H]2CCCN2C(=O)[C@H](Cc2c[nH]c3ccccc23)NC1=O,2,13.5
423,423,C=C(C)[C@@H]1CC[C@]2(C(=O)OCCCCCCC[P+](c3ccccc3)(c3ccccc3)c3ccccc3)CC[C@]3(C)[C@H](CC[C@@H]4[C@@]5(C)CC[C@H](O)C(C)(C)[C@@H]5CC[C@]43C)[C@@H]12,2,14.5
425,425,CC(C)[C@H]1NC(=O)[C@@H](Cc2ccc(O)cc2)NC(=O)[C@@H](N)CCCCCCCCCNC(=O)[C@@H]2CCCN2C(=O)[C@H](Cc2c[nH]cn2)N(C)C(=O)[C@H](Cc2ccccc2)NC1=O,2,22.0
427,427,CC(C)C[C@@H]1NC(=O)[C@H](C(C)C)NC(=O)[C@H](CC(C)C)N(C)CCOCCOCCOCCNC(=O)[C@H](c2ccccc2)NC(=O)[C@H](C(C)C)NC(=O)[C@H](CO)NC1=O,2,18.0
435,435,C[C@@H]1[C@@H](C)CCC[C@](O)(COC(=O)N(Cc2ccc(C(=N)N)cc2)Cc2ccc3c(ccn3C)c2)[C@@H]2CC[C@H]2CN2C[C@@]3(CCCc4cc(Cl)ccc43)COc3ccc(cc32)C(=O)NS1(=O)=O,2,17.5
436,436,CCCCCCCCCCCCCCCC(=O)N[C@@H](CCCNC(=N)N)C(=O)N[C@H](C(=O)N[C@H](C(=O)N[C@@H]1CSSC[C@H](C(=O)O)NC(=O)[C@H](CC(C)C)NC(=O)[C@@H](Cc2c[nH]cn2)NC1=O)C(C)CC)C(C)C,4,12.0
438,438,C[C@H](NC(=O)[C@@H](Cc1c[nH]c2ccccc12)NC(=O)[C@H](CCC(=O)OCc1ccccc1)NC(=O)Cc1ccccc1)C(=O)N[C@H](Cc1ccccc1)C(=O)N[C@@H](CC(=O)O)C(N)=O,4,12.5
440,440,CC1CCC2C(=CCC3(C)C2CCC3(O)C(C)(O)CCCC(C)(C)O)C1(O)C(=O)COC(=O)CCC(=O)Nc1ccc(Cl)cc1C(=O)OCCCC(=O)OCCOc1no[n+]([O-])c1S(=O)(=O)c1ccccc1,4,12.0
443,443,CC(C)C[C@H](NC(=O)[C@@H](N)CC(C)C)C(=O)N1CCC[C@H]1C(=O)N[C@H]1CSSC[C@@H](C(=O)O)NC(=O)[C@H](Cc2ccccc2)NC(=O)[C@H](CCCNC(=N)N)NC(=O)[C@H](CC(=O)O)NC1=O,4,11.0
444,444,CC(C)[C@H](NC(=O)[C@H](Cc1c[nH]cn1)NC(=O)CNC(=O)[C@H](Cc1ccccc1)NC(=O)[C@@H]1CCCN1/C(S)=N/Cc1ccc(C(=O)O)cc1)C(=O)N[C@@H](CO)C(=O)O,4,15.5
446,446,CCCCCCCCCCCCCCCC(=O)N[C@@H](Cc1cn(C=O)c2ccccc12)C(=O)NCC(=O)N[C@@H](Cc1c[nH]c2ccccc12)C(=O)N[C@H](Cc1ccc(O)cc1)C(=O)N[C@@H](CCC(=O)O)C(N)=O,4,13.5
447,447,CC[C@H](C)[C@H](NC(=O)CS)C(=O)N[C@@H](CCCCN)C(=O)N[C@@H](Cc1ccc(O)cc1)C(=O)N[C@@H](Cc1cnc[nH]1)C(=O)N[C@H](C(=O)N[C@@H](Cc1c[nH]c2ccccc12)C(=O)O)[C@@H](C)CC,4,12.0
450,450,CC(=O)N[C@@H](Cc1cnc[nH]1)C(=O)N[C@H](Cc1ccc2ccccc2c1)C(=O)N[C@H](Cc1ccc(I)cc1)C(=O)N[C@@H](CCCNC(=N)N)C(=O)N[C@H](C(N)=O)[C@@H](C)O,4,14.5
452,452,CC(C)C[C@H](NC(=O)[C@H](Cc1ccc(O)cc1)NC(=O)CN)C(=O)N[C@@H](Cc1cnc[nH]1)C(=O)N[C@@H](CCCN=C(N)N)C(=O)N[C@@H](Cc1c[nH]c2ccccc12)C(N)=O,4,14.5
454,454,O=C(O)CNC(=O)[C@H](Cc1ccccc1)NC(=O)CNC(=O)[C@H](CS)NC(=O)N[C@@H](CCCCNC(=O)c1ccc([N+](=O)[O-])cc1)C(=O)Nc1ccc(-c2c[nH]c3ccccc23)cc1,4,11.5
456,456,CCCCCCCCCCCCCCCCNC(=O)OCC1(COP(=O)(O)OP(=O)(O)OC[C@H]2O[C@@H](n3cnc4c(N)nc(N)nc43)[C@H](O)[C@@H]2O)C=CC(n2ccc(N)nc2=O)O1,4,17.5
460,460,CC(C)C[C@H](NC(=O)[C@H](Cc1ccccc1)NC(C)C(=O)O)C(=O)N[C@H]1CSSC[C@@H](C(=O)N[C@@H](CC(N)=O)C(N)=O)NC(=O)[C@H](Cc2ccccc2)NC(=O)[C@H](Cc2ccccc2)NC1=O,4,12.5
462,462,CC(C)(C)OC(=O)N[C@@H](Cc1cccc2ccccc12)C(=O)N[C@@H](CCCNC(=N)N)C(=O)N[C@@H](Cc1c[nH]c2ccccc12)C(=O)N[C@@H](Cc1ccc(O)cc1)C(N)=O,4,11.5
465,465,CCC(C)C(NC(=O)[C@H](Cc1ccc(O)cc1)NC(=O)[C@@H]1CCCN1C(=O)[C@@H](N)CCCNC(=N)N)C(=O)NC(Cc1cnc[nH]1)C(=O)N1CCC[C@H]1C(=O)N[C@@H](CO)C(=O)O,4,11.0
466,466,N=C(N)NCCCC(NC(=O)[C@H](Cc1c[nH]c2ccccc12)NC(=O)[C@@H](N)Cc1c[nH]c2ccccc12)C(=O)N[C@@H](Cc1ccc(O)cc1)C(=O)N[C@@H](Cc1cnc[nH]1)C(N)=O,4,17.0
472,472,CCCCCCCCCCCC(=O)N[C@H](C(=O)N[C@H](C(=O)N[C@@H](CCN)C(=O)N[C@@H](Cc1c[nH]c2ccccc12)C(=O)N[C@@H](Cc1c[nH]c2ccccc12)C(=O)O)[C@@H](C)O)[C@@H](C)O,4,13.5
474,474,CCN(Cc1ccc(OCCN2C(=O)CCC2=O)c(C)c1)/C(C)=C(/CCCO)SSCCNC(=O)c1ccccc1SSCCNC(=O)c1ccccc1SSCCNC(=O)c1ccccc1NC(=O)OC,4,18.5
482,482,CC(C)C[C@H](NC(=O)[C@H](Cc1c[nH]c2ccccc12)NC(=O)[C@H]1CCCN1C(=O)[C@@H](N)CCCNC(=N)N)C(=O)Nc1ccc(C(=O)NCC(=O)N[C@@H](Cc2ccc(O)cc2)C(N)=O)cc1,4,15.5
485,485,CC(C)C[C@H](NC(=O)[C@@H](NC(=O)[C@H](Cc1c[nH]c2ccccc12)NC(=O)[C@@H]1CCCN1C(=O)[C@H](CCCNC(=N)N)NC(=O)[C@@H](N)CCCNC(=N)N)C(C)(C)C)C(=O)O,4,11.5
492,492,CC(C)[C@H](NC(=O)[C@H](Cc1ccccc1)NC(=O)N1CCN(C(=O)[C@@H](N)Cc2ccc(O)cc2)CC1)C(=O)N[C@@H](Cc1ccccc1)C(=O)N[C@@H](Cc1c[nH]cn1)C(=O)N[C@@H](CCCCN)C(N)=O,4,19.5
496,496,CC[C@H](N)C(=O)N1CCC[C@H]1C(=O)N[C@@H](Cc1ccc(O)cc1)C(=O)N[C@@H](Cc1cnc[nH]1)C(=O)N[C@@H](CC(C)C)C(=O)N[C@@H](Cc1ccccc1)C(=O)N[C@H](C(N)=O)[C@@H](C)O,4,11.5
497,497,CCCCCCCCCCCCOc1ccc(CCP(=O)(OCc2ccc(OC(=O)CCCCC)cc2)OP(=O)(O)OC[C@H]2O[C@@H](n3cc(C)c(=O)[nH]c3=O)C[C@@H]2N=[N+]=[N-])cc1,4,22.0
498,498,CC(C)C[C@H](NC(=O)[C@H](Cc1ccc(O)cc1)NC(=O)CN)C(=O)N1CCC[C@H]1C(=O)N[C@@H](CCCN=C(N)N)C(=O)N[C@@H](CC(N)=O)C(=O)N[C@@H](Cc1ccccc1)C(N)=O,4,15.5
499,499,CC(C)C[C@H](NC(=O)CN(C[C@H](O)[C@H](Cc1ccccc1)NC(=O)OCc1cccnc1)C(C)C)C(=O)N[C@@H](CCC(N)=O)C(=O)N[C@H](C(=O)NCc1ccccc1)C(C)C,4,12.5
502,502,COC(=O)[C@@H]1C[C@@H](C(=O)NCCCC[C@H](NC(=O)[C@H](Cc2c[nH]c3ccccc23)NC(=O)[C@@H]2Cc3ccccc3CN2C(=O)OC(C)(C)C)C(N)=O)N(C(=O)[C@H](CCS)NC(=O)OC(C)(C)C)C1,4,12.0
504,504,CCC(NC(=O)[C@H](Cc1ccccc1)NC(=O)C(CCCCN)NC(=O)[C@H](Cc1c[nH]c2ccccc12)NC(=O)[C@H](C)NC(=O)c1ccc(O)cc1)C(=O)NC(CCCCN)C(=O)O,4,14.0
507,507,CC(C)[C@@H]1NC(=O)[C@H](Cc2ccc(O)cc2)NC(=O)CCSSC[C@@H](C(=O)N2CCC[C@H]2C(=O)N[C@@H](CCC(=O)O)C(=O)NCC(=O)O)NC(=O)[C@H](CC(N)=O)NC(=O)[C@H](CCC(=O)O)NC1=O,4,15.5
509,509,CCCCCCCC(=O)N[C@@H](COP(=O)(O)OC[C@H]1O[C@@H](n2cnc3c(N)ncnc32)[C@H](O)[C@@H]1O)[C@H](O)C(=O)NCCCCCC(=O)N[C@@H](Cc1ccccc1)C(N)=O,4,14.0
514,514,Cl.NC(=O)[C@H](Cc1c[nH]c2ccccc12)NC(=O)[C@H](CCCN=C(N)N)NC(=O)[C@H](Cc1c[nH]c2ccccc12)NC(=O)[C@@H](CS)NC(=O)CNC(=O)[C@@H](N)Cc1c[nH]c2ccccc12,4,29.0
517,517,CC(=O)N[C@@H](Cc1c[nH]c2ccccc12)C(=O)N[C@@H](CCCNC(=N)N)C(=O)N[C@@H](Cc1c[nH]c2ccccc12)C(=O)N[C@H](C(=O)N[C@@H](Cc1cnc[nH]1)C(N)=O)C(C)C,4,14.0
519,519,Cc1cn([C@H]2C=C[C@@H](COP(=O)(Oc3ccc(/C=C\C(=O)N[C@H](C(=O)N[C@@H](CC(=O)O)C(=O)OCc4cccc(Cl)c4)C(C)C)cc3)Oc3cccc4ccccc34)O2)c(=O)[nH]c1=O,4,16.0
524,524,CC(C)C[C@H](NC(=O)[C@H](CO)NC(=O)[C@H](CC(C)C)NC(=O)[C@H](CCCNC(=N)N)NC(=O)CN)C(=O)NC1CSSCCNC(=O)[C@@H](Cc2ccccc2)NC(=O)[C@H](Cc2cnc[nH]2)NC1=O,4,19.5
528,528,CN(C(=O)[C@H](CCCN=C(N)N)NCCC(=O)c1ccc(CN=C(N)N)cc1)[C@H](CN1CCC[C@@H]1C(N)=O)C(=O)N1CCC[C@H]1C(=O)NCC(=O)N1CCC[C@H]1C(=O)N[C@@H](Cc1ccccc1)C(=O)O,4,20.0
529,529,N=C(N)NCCC[C@H](NC(=O)CCC(=O)Nc1ccccn1)C(=O)N[C@@H](Cc1cnc[nH]1)C(=O)N[C@@H](Cc1ccccc1)C(=O)N[C@@H](CCCN=C(N)N)C(=O)N[C@@H](Cc1ccccc1)C(N)=O,4,25.0
531,531,CC[C@H](C)[C@H](NC(=O)[C@H](CC(=O)O)NC(=O)[C@H](CC(=O)O)NC(C)=O)C(=O)N[C@H]1CCCNC(=O)[C@@H](Cc2ccc(O)cc2)NC(=O)[C@H](CCCNC(=N)N)NC(=O)[C@@H](Cc2ccccc2)NC1=O,4,17.0
535,535,CC(C)[C@@H]1NC(=O)[C@H](Cc2ccc(O)cc2)NC(=O)CCSSC[C@@H](C(=O)N(CCCN)CC(=O)N[C@H](CCCNC(=N)N)C(=O)NCC(N)=O)NC(=O)[C@H](CC(N)=O)NC(=O)[C@H](CCC(N)=O)NC1=O,4,14.5
536,536,CC(=O)N[C@H](C(=O)N[C@H](C(=O)N[C@@H](CC(C)C)[C@H](O)CC(=O)N[C@H](C(=O)N[C@@H](C)C(=O)N[C@H](Cc1c[nH]cn1)C(=O)N[C@H](Cc1ccccc1)C(=O)O)C(C)C)C(C)C)C1CCCCC1,4,14.0
537,537,CC(=O)N[C@@H](CCCNC(=N)N)C(=O)N[C@@H](C)C(=O)N1CCC[C@H]1C(=O)N1CCC[C@H]1C(=O)NCCC(=O)N1CCC[C@H]1C(=O)N[C@@H](CCCNC(=N)N)C(=O)N[C@@H](Cc1ccc(O)cc1)C(N)=O,4,14.5
538,538,CCC(C)C(NC(=O)[C@H](CC(C)C)NC(=O)[C@H](CCCNC(=N)N)NC(=O)c1cc(O)ccc1O)C(=O)N[C@@H](Cc1ccccc1)C(=O)N[C@@H](Cc1ccc(O)cc1)C(=O)O,4,11.5
539,539,CCCCCCCCCCCCCCC[C@H](NC(=O)OC1CCCC1)C(=O)N[C@@H](Cc1c[nH]c2ccccc12)C(=O)N[C@@H](Cc1c[nH]c2ccccc12)C(=O)N[C@@H](Cc1c[nH]c2ccccc12)C(=O)N[C@@H](CCCCN)C(N)=O,4,12.5
543,543,COc1ccc(C(O)C(O)C(Cc2ccccc2)NC(=O)c2ccccc2N(CC(=O)NC(COCc2ccccc2)C(=O)NCc2ccccc2)S(=O)(=O)c2ccccc2)cc1OCc1ccccc1,4,18.5
544,544,NCCC[C@@H](NC(=O)[C@@H](N)Cc1ccc(O)cc1)C(=O)N1CCC[C@H]1C(=O)N(CC(=O)O)CC(=O)N[C@H](Cc1ccccc1)C(=O)N[C@@H](Cc1c[nH]c2ccccc12)C(=O)O,4,14.5
546,546,CC(=O)N[C@@H](Cc1ccc(OP(=O)(O)O)cc1)C(=O)N[C@@H](CC(C)C)C(=O)N1CCC[C@H]1C(=O)N[C@@H](CCC(N)=O)C(=O)N1CCC[C@H]1C(=O)N[C@@H](CC(N)=O)C(=O)O,4,11.0
550,550,CC[C@H](C)[C@H](NC(=O)[C@@H]1CCCN1C[C@H](O)[C@H](Cc1ccccc1)NC(=O)CCC(=O)N(CCCCn1cc(CN2C(=O)c3ccccc3C2=O)nn1)Cc1ccccn1)C(=O)N[C@@H](CO)C(N)=O,4,13.5
551,551,CCOC(=O)CC[C@H](NC(=O)[C@H](Cc1c[nH]c2ccccc12)NC(=O)[C@H](CC(=O)O)NC(=O)[C@H](Cc1ccc2ccccc2c1)NC(C)=O)C(=O)N[C@@H](CC(C)C)C(N)=O,4,15.0
553,553,CC(C)C[C@@H](NC(=O)[C@H](Cc1c[nH]c2ccccc12)NC(=O)[C@H](Cc1ccccc1)NC(=O)[C@H](Cc1ccc(O)cc1)NC(=O)[C@H]1CCCN1C(=O)[C@H](CCCNC(=N)N)NC(=O)[C@@H](N)CCCCN)C(=O)O,4,14.5
554,554,CC(C)C[C@@H]1NC(=O)[C@H](Cc2ccc(O)cc2)NC(=O)CCSC[C@@H](C(=O)N2CCC[C@H]2C(=O)N[C@@H](CCCNC(=N)N)C(=O)NCC(N)=O)NC(=O)[C@H](CCC(N)=O)NC(=O)[C@H](CCC(N)=O)NC1=O,4,14.5
558,558,C#CC(=O)N1CCC[C@H]1C(=O)NCCCC[C@H](NC(=O)[C@H](CCCNC(=N)N)NC(=O)[C@H](CC(C)C)NC(=O)c1ccc(C)cc1)C(=O)N1CCC[C@H]1C(=O)N[C@@H](Cc1ccccc1)C(N)=O,4,14.5
559,559,NC(N)=NCCC[C@H](NC(=O)[C@H](Cc1ccc2ccccc2c1)NC(=O)[C@H](Cc1ccccc1)NC(=O)[C@H](Cc1ccccc1)NC(=O)[C@@H]1CCCN1C(=O)[C@@H]1CCCN1)C(=O)N1CCC[C@@H]1C(=O)O,4,19.5
560,560,CC(C)(C)OC(=O)NC1CCCCCCC(NC(=O)C(Cc2c[nH]c3ccccc23)NC(=O)C(CCCNC(=N)N)NC(=O)C(N)Cc2ccc(O)cc2)C(=O)NC(CCCCN)C(=O)N1,4,13.0
561,561,N=C(N)NCCC[C@H](NC(=O)[C@H](CC(N)=O)NC(=O)[C@H](Cc1ccc(O)cc1)NC(=O)[C@H](CO)NC(=O)[C@@H](N)Cc1ccccc1)C(=O)N[C@@H](Cc1c[nH]c2ccccc12)C(N)=O,4,21.5
562,562,CC(C)C[C@H](NCC(=O)N(C)[C@H](Cc1c[nH]c2ccccc12)C(=O)N[C@H](Cc1ccccc1)C(=O)N(C)CC(=O)N[C@@H](Cc1ccccc1)C(=O)O)C(=O)N[C@H](Cc1ccccc1)C(N)=O,4,17.0
568,568,CC(C)C[C@H](NC(=O)[C@H](Cc1ccc(OP(=O)(O)O)cc1)NC(=O)OCc1ccccc1)C(=O)N1CCC[C@H]1C(=O)N[C@@H](CC(=O)N1CCN(c2ccccc2)CC1)B(O)O,4,21.0
570,570,CC(C)C[C@H](NC(=O)[C@H](CC(=O)O)NC(=O)[C@@H](CC(C)C)NC(=O)[C@@H](Cc1ccccc1)NC(=O)CNC(=O)N1CCn2c1nc1ccccc12)C(=O)N[C@@H](Cc1ccccc1)C(N)=O,4,14.0
571,571,CC(C)C[C@H](NC(=O)[C@H](Cc1ccccc1)NC(=O)N1CCCCC1)C(=O)N[C@H](Cc1cnc[nH]1)C(=O)N[C@H](Cc1ccccc1)C(=O)N[C@@H](Cc1ccccn1)C(=O)NCC(N)=O,4,21.0
575,575,CCCCCCCCCCCCCCCCCCC(=O)O[C@H]1[C@H](OC)[C@@H]([C@@H](OCc2ccccc2)C(Cn2ccc(=O)[nH]c2=O)OCc2ccccc2)O[C@H]1n1ccc(N)nc1=O,4,15.5
577,577,CC(=O)N[C@@H](CC(=O)O)C(=O)N[C@H](C(=O)N[C@@H](CC(C)C)C(=O)N1CCC[C@H]1C(=O)N[C@@H](Cc1c[nH]c2ccccc12)C(=O)N[C@@H](CO)C(=O)N[C@H](C(=O)O)[C@@H](C)O)C1CCCCC1,4,12.0
580,580,CC(C)[C@H](NC(=O)CCCCCCCCCCCCCCNC(=O)[C@@H]1CCCN1C(=O)[C@H](Cc1ccc(O)cc1)NC(=O)[C@@H](N)Cc1cnc[nH]1)C(=O)NCC(=O)N[C@@H](Cc1c[nH]cn1)C(=O)N[C@@H](CO)C(N)=O,4,11.0
581,581,CC(C)[C@H](NC(=O)[C@@H](NC(=O)[C@H](CCCCN)NC(=O)[C@H](CCCc1ccccc1)NC(=O)OCc1ccccc1)C(C)(C)C)C(=O)N(C)[C@@H](Cc1ccc2c(c1)OCO2)C(=O)N(C(C)C)C(C)C,4,18.0
583,583,CC(C)C[C@H](N)C(=O)NCCCC[C@H](NC(=O)[C@H](Cc1c[nH]c2ccccc12)NC(=O)[C@@H](N)CCCCN)C(=O)N[C@@H](CCCNC(=N)N)C(=O)N[C@@H](Cc1c[nH]c2ccccc12)C(N)=O,4,16.5
587,587,CC(C)CC(NC(=O)[C@H](Cc1c[nH]cn1)NC(=O)CNC(=O)[C@H](Cc1c[nH]c2ccccc12)NC(=O)[C@H](Cc1ccccc1)NC(=O)CNC(=O)[C@@H](N)CCCN=C(N)N)C(=O)N[C@@H](Cc1c[nH]cn1)C(N)=O,4,21.0
588,588,C[C@H](NC(=O)[C@H](CC(N)=O)NC(=O)[C@@H](N)Cc1ccc(O)cc1)C(=O)N[C@@H](Cc1ccc(O)cc1)C(=O)N[C@H](Cc1cnc[nH]1)C(=O)N1CCC[C@H]1C(=O)N[C@@H](Cc1ccccc1)C(=O)O,4,14.5
589,589,C[C@H](NC(=O)c1c(N)nn2cccnc12)C(=O)NCC(=O)N[C@@H](CO)C(=O)N1CCC[C@H]1C(=O)NC1(C(=O)N[C@@H](CCCN=C(N)N)C(=O)N[C@@H](CCCCN)C(N)=O)CCc2ccccc2C1,4,15.0
590,590,CC(=O)N[C@@H](Cc1c[nH]c2ccccc12)C(=O)N(C)[C@@H](Cc1ccc(O)cc1)C(=O)N[C@@H](CCCCN)C(=O)N[C@@H](CC(=O)O)C(=O)N[C@@H](Cc1ccc2ccccc2c1)C(N)=O,4,13.5
591,591,NC(=O)[C@H](Cc1cnc[nH]1)NC(=O)[C@H](Cc1ccc(O)cc1)NC(=O)[C@@H](Cc1ccccc1)NC(=O)[C@H](Cc1ccccc1)NC(=O)CNC(=O)[C@@H](N)Cc1ccc(O)cc1,4,15.5
593,593,CC(=O)C(Cc1cn(C=O)c2ccccc12)N(C)C(=O)C(CC(=O)O)N(C)C(=O)C(CC(=O)O)NC(=O)C(Cc1ccccc1)NC(=O)CNC(=O)CNC(=O)Cc1ccc(C(=O)O)cc1,4,14.0
594,594,Cc1cc(O)cc(C)c1C[C@H](N)C(=O)N[C@H](C)C(=O)NCC(=O)N(C)[C@@H](Cc1ccccc1)C(=O)N1CCC[C@H]1C(=O)N[C@@H](Cc1c[nH]c2ccccc12)C(=O)N[C@@H](Cc1ccccc1)C(N)=O,4,16.5
597,597,CCNC(CNC(CNC(CNC(CNC(CNC(CNC(CN)CO)Cc1ccc(O)cc1)Cc1ccc(O)cc1)Cc1ccc(O)cc1)Cc1ccc(O)cc1)Cc1ccc(O)cc1)Cc1ccc(O)cc1,4,18.0
598,598,CCC(C)C(NC(=O)C(Cc1ccc(O)cc1)NC(=O)C(CCCCN)NC(=O)C(N)CCCNC(=N)N)C(=O)NC(Cc1cnc[nH]1)C(=O)N1CCCC1C(=O)NC(Cc1ccccc1)C(=O)O,4,13.5
599,599,CC(C)(C)OC(=O)N[C@H](Cc1ccccc1)C(=O)N[C@@H](Cc1c[nH]c2ccccc12)C(=O)N[C@@H](CCCCNC(=O)OCc1ccccc1)C(=O)NCCCC[C@@H]1SC[C@H]2NC(=O)N[C@H]12,4,20.0
604,604,CC(C)C[C@H](NC(=O)[C@H](CC(=O)O)NC(=O)[C@@H](NC(=O)CCCCCCCCCCCCCCCCN)c1ccc(OCc2ccccc2)cc1)C(=O)N[C@H](Cc1c[nH]c2ccccc12)C(N)=O,4,13.5
605,605,CC(C)C[C@H](NC(=O)[C@H](CC(C)C)NC(=O)[C@H](Cc1c[nH]cn1)NC(=O)[C@H](C)NC(=O)[C@H](Cc1ccccc1)NC(=O)[C@@H](NC(=O)[C@H](O)[C@@H](N)Cc1ccccc1)C(C)C)C(=O)O,4,13.5
606,606,CCCC(NC(=O)C(CC(C)C)NC(CO)Cc1ccc(OCc2ccccc2)cc1)C(=O)NC(CCCNC(=N)N)C(=O)C(=O)NCCCc1cccc2ccccc12,4,11.0
607,607,CC(C)C[C@H](NC(=O)[C@H](CC(C)C)NC(=O)CNC(=O)[C@H](Cc1ccccc1)NC(=O)c1ccc(C(=O)O)cc1)C(N)=O,1,11.0
608,608,CC(C)CC(NC(=O)OCc1ccccc1)C(=O)N1CCCC1C(=O)NC(CCCNS(=O)(=O)c1ccccc1)C(=O)C(=O)NC(C(N)=O)C(C)C,1,21.0
610,610,CC(O)CC(C(=O)NC(Cc1ccc(O)cc1)C(=O)NC(CC(=O)O)C(=O)NC(Cc1ccccc1)C(N)=O)N(C)Cc1ccc(=O)[nH]c1,1,17.0
612,612,CN(C)CCCC[C@H](NC(=O)[C@H](Cc1ccccc1)NC(=O)CN1CCN(C)CC1)C(=O)N[C@@H](CC(=O)O)C(=O)N[C@@H](Cc1ccccc1)C(N)=O,1,11.0
614,614,CCC(C)C(NC(=O)C(CC(C)C)C(O)C(O)C(CC(C)C)NC(=O)C(Cc1cnc[nH]1)NC(=O)C(Cc1ccccc1)NC(C)=O)C(=O)NCc1ccccn1,1,19.0
616,616,CC(C)C[C@H](NC(=O)[C@H](C)NC(=O)[C@H](CCCN=C(N)N)NC(=O)[C@H](CC(N)=O)NC(=O)CCc1ccccc1)[C@@H](O)CC(=O)NCCc1cccc2ccccc12,1,15.0
617,617,Cc1noc(C)c1C(C)NC(=O)NC(Cc1ccccc1)C(=O)NC(CCCCNC(=O)C=[N+]=[N-])C(=O)NC(Cc1c[nH]c2ccccc12)C(N)=O,1,26.0
618,618,CSCC[C@@H](NC(=O)[C@H](Cc1ccccc1)NC[C@@H]1CCC[C@H]1NC(=O)[C@H](Cc1c[nH]c2ccccc12)NC(C)=O)C(=O)N[C@@H](CC(=O)O)C(=O)N[C@@H](CS)C(=O)O,1,14.0
620,620,CCCCCCCCCCCCCCCCCC(=O)N[C@@H](COP(=O)(O)OC[C@H]1O[C@@H](n2cnc3c(N)ncnc32)[C@H](O)[C@@H]1O)[C@H](O)CP(=O)(O)O,1,12.0
631,631,CC[C@H](C)[C@H](NC(=O)[C@H](CC(=O)O)NC(=O)[C@H](CC(C)C)NC(C)=O)C(=O)N[C@@H](Cc1ccccc1)C(=O)N[C@@H](Cc1c[nH]c2ccccc12)C(=O)O,1,18.0
633,633,CCCCC(CC)COC(=O)CN(CC(=O)[O-])C(=O)[C@H](CCCCN)NC(=O)[C@@H](NC(=O)[C@H](CCCNC(=N)N)NC(=O)Cc1c[nH]c2ccccc12)[C@@H](C)CC,1,15.5
636,636,CC(C)C[C@H](NC(=O)/C=C/[C@H](C)[C@H]1CC(=O)[C@@]2(C)c3cc(O)ccc3C(=O)C[C@]12C)C(=O)NCC(=O)N[C@@H](CO)C(=O)N[C@H](C(=O)O)[C@@H](C)O,1,16.0
639,639,CC(=O)N[C@@H](Cc1ccc(OP(=O)(O)O)cc1)C(=O)N[C@@H](CC(C)C)C(=O)N1CCC[C@H]1C(=O)N[C@@H](CCC(N)=O)C(=O)N[C@@H](CCC(=O)O)C(=O)O,1,14.0
642,642,CCOC(=O)C(C)NP(=O)(OC(C)CC)OC(C=CCn1cnc2c(O)nc(N)nc21)(OCC)OCC1OC(n2ccc(N)nc2=O)C(C)(F)[C@@H]1O,1,18.0
643,643,CC(C)C[C@H](NC(=O)[C@H](Cc1cscn1)NC(=O)CCc1c[nH]c2ccccc12)C(=O)N[C@@H](CCCNC(=N)N)C(=O)N[C@@H](Cc1ccc(O)cc1)C(N)=O,1,13.0
645,645,CCCCCCCCCCCCOCCCOP(=O)(O)OC[C@H]1OC(n2ccc(NC(=O)CCCCCCCCCC)nc2=O)[C@H](O)[C@@H]1O,1,21.5
646,646,CCCCCCOC(=O)N1C[C@H](OCc2ccccc2)C[C@H]1[C@H](CNC(=O)C(C)OCCCCC)OP(=O)(O)OC[C@H]1O[C@@H](n2ccc(N)nc2=O)[C@H](O)[C@@H]1O,1,14.0
648,648,COCCCN(CC(=O)N[C@@H](Cc1c[nH]c2ccccc12)C(=O)N[C@@H](CCCCN)C(=O)O)C(=O)[C@H](Cc1c[nH]c2ccccc12)NC(=O)CCCCCN,1,11.5
650,650,CC(=O)N[C@@H](Cc1cnc[nH]1)C(=O)N[C@H](/C=C/C(=O)N[C@@H](CCCNC(=N)N)C(=O)N[C@@H](Cc1c[nH]c2ccccc12)C(N)=O)CCc1ccccc1,1,11.0
653,653,CC(C)C[C@H](NC(=O)[C@H](CC(C)C)N[C@@H](Cc1ccccc1)C(=O)N[C@@H](CCCN=C(N)N)C(=O)N[C@H](C(=O)Nc1nccs1)C(C)C)C(=O)N[C@@H](CO)C(N)=O,1,14.5
654,654,CC(C)CC(NC(=O)C(NC(=O)C(CCC(=O)O)NC(C)C(=O)O)C(C)O)C(=O)NC(C(N)=O)C(C)O,1,12.0
655,655,CC(=O)N[C@@H](Cc1ccc(OP(=O)(O)O)cc1)C(=O)N[C@@H](CC(C)C)C(=O)N1CCC[C@H]1C(=O)N[C@@H](CC(N)=O)C(=O)N[C@@H](Cc1c[nH]c2ccccc12)C(N)=O,1,11.0
657,657,CCCCCCCCCCCCCCC/C=C/[C@@H](O)[C@@H](COP(=O)(O)OC[C@H]1O[C@@](C#N)(c2ccc3c(N)ncnn23)[C@H](O)[C@@H]1O)NC(=O)C(F)(F)F,1,13.5
661,661,CCCC[C@H](NC(C)=O)[C@H](O)CC(=O)N[C@H](C(=O)N[C@@H](Cc1ccccc1)C(=O)N[C@@H](Cc1ccc(O)cc1)C(=O)N[C@H](/C=C/C(=O)O)CCC(=O)O)C(C)C,1,22.0
668,668,CC[C@H](C)[C@H](NC(C)=O)C(=O)N[C@@H](CC(N)=O)C(=O)N[C@@H](Cc1ccccc1)[C@H](O)CN1CCC[C@H]1C(=O)N[C@H](C(=O)N[C@@H](Cc1cnc[nH]1)C(N)=O)[C@@H](C)CC,1,15.0
669,669,CC[C@H](C)[C@H](NC(=O)[C@H](CC(=O)O)NC(=O)[C@H](CC(C)C)NC(C)=O)C(=O)N[C@H](C(=O)N[C@@H](CC(C)C)[C@@H](O)CC(=O)O)C(C)C,1,11.0
670,670,C#CC[C@H](NC(=O)[C@@H](NC(=O)OCc1ccccc1)C(C)C)C(=O)N[C@@H](CC(C)C)[C@@H](O)CC(=O)N[C@H](C(=O)NCc1ccncc1)C(C)C,1,18.0
676,676,C[C@@H](NC(=O)[C@H](Cc1c[nH]c2ccccc12)NC(=O)[C@H](Cc1ccccc1)NC(=O)[C@H](CCCNC(=N)N)NC(=O)[C@@H](N)CCC(=O)O)c1ccc(O)cc1,1,14.0
677,677,CC(C)C[C@H](NCC(=O)[C@H](Cc1c[nH]c2ccccc12)NC(=O)OC(C)(C)C)C(=O)N[C@@H](CC(=O)O)C(=O)N[C@@H](Cc1ccccc1)C(=O)N[C@@H](CS)C(=O)O,1,17.0
683,683,CC(C)CC(NC(=O)C(Cc1ccccc1)NC(CCCN=C(N)N)C(=O)Nc1ccccc1)C(O)CC(=O)NCCc1ccccc1,1,13.5
684,684,CC(=O)N[C@@H](Cc1cnc[nH]1)C(=O)N1CCC[C@H]1C(=O)N[C@@H](CCCN)C(=O)N[C@@H](Cc1ccc([N+](=O)[O-])cc1)C(=O)N[C@@H](Cc1ccc([N+](=O)[O-])cc1)C(N)=O,1,12.5
688,688,CC(C)CC(NC(=O)OCc1ccccc1)C(=O)NC(Cc1ccccc1)C(=O)C(=O)NCCC(=O)NC(C(N)=O)C(C)O,1,13.5
690,690,CCn1nc(C)c(Cl)c1S(=O)(=O)N(CCCOC)C[C@@H](O)[C@H](Cc1ccccc1)NC(=O)[C@H](C(C)C)N(C)C(=O)OCc1cccnc1,1,14.0
696,696,COc1ccc(CCN(CCC(=O)C(CC(C)C)NC(=O)C(NC(C)=O)NC(=O)OCc2ccccc2)C(=O)C(N)C(C)C)cc1OC,1,11.0
698,698,CC(C)(C)OC(=O)NCCCC[C@H](NC(=O)C(Cc1c[nH]c2ccccc12)NC(=O)OC(C)(C)C)C(=O)N[C@@H](CC(=O)O)C(=O)N[C@H](Cc1ccccc1)C(N)=O,1,11.0
700,700,COc1ccc(CNC(=O)N[C@@H](CC(C)C)C(=O)N[C@@H](Cc2cncn2CCCCCCc2ccccc2)C(=O)N[C@@H](CC(=O)O)C(=O)OCc2ccccc2)cc1,1,17.0
707,707,CC(C)C[C@H](NC(=O)[C@H](Cc1ccc2ccccc2c1)NC(=O)c1ccc(OP(=O)(O)O)cc1)C(=O)N1CCC[C@H]1C(=O)NCCC(=O)N[C@@H](CC(N)=O)C(N)=O,1,16.5
710,710,COc1ccc(CNC(=O)[C@H](CC(C)C)NC(=O)[C@H](CCC(=O)O)NC(=O)[C@H](CC(C)C)NC(=O)[C@H](Cc2c[nH]c3ccccc23)n2cc(C)c(=O)[nH]c2=O)cc1,1,13.5
711,711,CNC(=O)C(CC(C)C)NC(=O)C(Cc1ccccc1)NC(=O)[C@H](CCCNC(=N)N)NC(=O)[C@H](CC(C)C)NC(=O)[C@H](Cc1ccc(O)cc1)NC(C)=O,1,13.5
712,712,CCCC[C@H](NC(=O)[C@H](CCCCN)NC(=O)[C@H](CCCNC(=N)N)NC(=O)c1ccc(OCCNCC)cc1)C(=O)N[C@@H](Cc1ccc(O)cc1)C(N)=O,1,11.0
714,714,CCCC(NC(N)=O)C(=O)NC(Cc1ccccc1)C(=O)NC(CCCNC(=N)N)C(=O)NC(Cc1ccc(F)cc1)C(N)=O,1,13.0
716,716,CC(=O)N[C@@H](Cc1ccc(OP(=O)(O)O)cc1)C(=O)N[C@@H](CC(C)C)C(=O)N1CCC[C@H]1C(=O)N[C@@H](CCC(N)=O)C(=O)N[C@@H](CCSCc1ccccc1)C(=O)O,1,11.0
718,718,CC(C)CC(NC(=O)C(NC(=O)C(NC(=O)C(N)CNC(=O)c1[nH]c(=O)n(CCC(=O)O)c(=O)c1F)C(C)C)C(C)C)C(=O)NC(Cc1ccccc1)C(=O)O,1,13.5
724,724,Cc1c(CNC(=O)Nc2ccc(OC(F)(F)F)cc2)cnn1CCCNC(=O)[C@H](CCCCN1CCN(Cc2ccccc2)CC1)NC(=O)[C@@H](N)CCCN=C(N)N,1,13.5
725,725,C=CCSCC(NC(=O)C(Cc1ccc(O)c([N+](=O)[O-])c1)NC(=O)C(CC(N)=O)NC(=O)C(N)CC(C)C)C(=O)NC(CC(C)C)C(O)CC(=O)O,1,14.0
727,727,CCCCCCCCCCCCCCC/C=C/[C@@H](O)[C@@H](COP(=O)([O-])OC[C@H]1O[C@@H](n2ccc(N)nc2=O)[C@H](O)[C@@H]1O)NC(C)=O,1,22.5
728,728,CC(C)C[C@H](NC(=O)[C@@H](NC(=O)[C@@H](NC(=O)[C@@H](N)CNC(=O)c1nn[nH]n1)C(C)C)C(C)C)[C@@H](O)CC(=O)N[C@H](C(=O)Nc1cccc(C(=O)O)c1)C(C)C,1,11.0
730,730,CC(=O)N[C@H](C(=O)N[C@@H](CC(=O)O)C(=O)N[C@@H](CO)C(=O)N[C@H](Cc1ccc2ccccc2c1)C(=O)N[C@H](Cc1ccc(O)cc1)C(=O)O)C(C)C,1,16.0
731,731,N=C(N)NCCC[C@H](NC(=O)[C@H](CCN)NC(=O)[C@H](CC1CCCCC1)NC(=O)c1cnccn1)C(=O)N[C@@H](Cc1c[nH]c2ccccc12)C(N)=O,1,17.5
732,732,CCC(C)C(NC(=O)OC(C)(C)C)C(=O)N[C@H](C(=O)N[C@@H](CC(C)C)C(O)CC(=O)N[C@H](C(=O)NCc1ccccn1)C(C)C)C(C)C,1,12.5
736,736,CNC(=O)C(CC(C)C)NC(=O)C(CC(C)C)NC(=O)C(NC(=O)c1ccc(Oc2ccc(C(=O)O)cc2)cc1)C(C)O,1,15.0
740,740,COc1cc(CNC(=O)[C@H](CCC(N)=O)NC(=O)[C@H](Cc2c[nH]c3ccccc23)NC(=O)[C@H](CCCN=C(N)N)NC(=O)[C@@H](N)CC(=O)O)ccc1O,1,13.5
741,741,C(=CCNCC1CCCC1)CNCCCNCCCNCCCNCCCNCCCNCCCNCCCNCc1ccccc1,1,13.0
742,742,CC(NC(=O)c1ccccc1)C(=O)NC(CCCNC(=N)N)C(=O)N1CCCC1C(=O)NC(C(=O)NC(Cc1ccc(O)cc1)C(N)=O)C(C)C,1,14.5
743,743,CCC(C)C(N)C(=O)N1CCCC1C(=O)NC(Cc1cnc[nH]1)C(=O)NC(Cc1ccc(O)cc1)C(=O)NC(C(=O)NC(CO)C(=O)O)C(C)C,1,13.5
746,746,CCC(C)C(NC(=O)C(CC(C)C)NC(=O)c1cc(O)ccc1O)C(=O)Nc1ccccc1C(=O)NC(Cc1c[nH]cn1)C(=O)O,1,19.0
749,749,CC(C)=CCC/C(C)=C/C[C@@H](C)C[C@@](C)(/C=C(\C)CC/C=C(\C)CC/C=C(\C)COP(=O)(O)OC[C@H]1O[C@@H](n2ccc(N)nc2=O)[C@H](O)[C@@H]1O)CCC=C(C)C,1,11.0
752,752,CC(C)[C@H](NC(=O)[C@H](CCC(=O)O)NC(=O)CS)C(=O)N[C@H](C(=O)N[C@H]1CSSC[C@@H](C(=O)O)NC(=O)[C@H](CC(=O)O)NC(=O)C2(CCCCC2)NC1=O)C(C)C,1,13.5
753,753,CCCNC(CC(=O)O)C(=O)NC(CC(C)C)C(=O)NC(CC(C)C)C(=O)NC(CC(C)C)C(=O)NC(Cc1ccccc1)C(=O)NCC(=O)NCC(=O)O,1,13.0
754,754,CC(C)C[C@H](NC(=O)C[C@H](O)[C@H](CC(C)C)NC(=O)[C@H](CC(N)=O)NC(=O)[C@@H](NC(=O)[C@@H](N)C(C)C)C(C)C)C(=O)N[C@@H](Cc1ccccc1)C(=O)O,1,17.5
755,755,CCC(C)C(NC(=O)C(Cc1ccc(O)cc1)NC(=O)C1CCCN1C(=O)C(N)CCCNC(=N)N)C(=O)NC(CC(C)C)C(=O)NC(Cc1ccccc1)C(=O)O,1,19.5
757,757,CC(C)C[C@H](NC(=O)[C@H](C[C@@H](O)[C@H](Cc1ccccc1)NC(=O)[C@@H]1CN(c2cccc(OC(F)(F)F)c2)C(=O)O1)C(C)C)C(=O)NCC(N)=O,1,19.0
758,758,CC(C)C[C@H](NC(=O)[C@@H](Cc1c[nH]c2ccccc12)NC(=O)[C@@H](N=[N+]=[N-])C(C)C)C(=O)N[C@@H](CC(=O)O)C(=O)N[C@@H](CC(=O)O)C(=O)N[C@@H](Cc1ccccc1)C(N)=O,1,11.5
759,759,COC(=O)[C@H](CCSC)NC(=O)[C@H](Cc1ccccc1)NC(=O)[C@H](Cc1c[nH]c2ccccc12)NC(=O)[C@H](CCC(=O)O)NC(=O)[C@H](Cc1ccccc1)NC(C)=O,1,12.5
762,762,CC(C)CC(NC(=O)[C@@H](NC(=O)[C@H](Cc1ccccc1)NC(=O)CNC(=O)CNC(=O)[C@@H](N)Cc1ccc(O)cc1)C(C)O)C(N)=O,1,11.5
775,775,CCCCCCCCCCCCCCCCCC(=O)N[C@@H](COP(=O)(O)OC[C@H]1OC(n2cnc3c(N)nc(N)nc32)[C@H](F)[C@@H]1O)[C@@H](O)CP(=O)(O)O,1,11.0
776,776,CCCCC(=O)N[C@@H](Cc1c[nH]c2ccccc12)C(=O)N[C@@H](CCCNC(=N)N)C(=O)N[C@@H](Cc1ccc(O)cc1)C(=O)N[C@@H](Cc1ccc(O)cc1)C(N)=O,1,11.0
780,780,COC(=O)C(C(=O)OC)C(NC(=O)[C@H](CC(C)C)NC(=O)[C@H](CO)NC(=O)/C=C/C(=O)NCC(=O)N[C@@H](C(=O)OC)c1ccccc1)C1Cc2ccccc2C1,1,12.5
781,781,CCCCC(NC(=O)[C@H](CC(C)C)NC(=O)[C@H](CC(=O)O)NC(C)=O)C(=O)N[C@H](Cc1ccccc1)C(=O)N[C@H](Cc1ccc(O)cc1)C(=O)O,1,13.5
782,782,CC(=O)N[C@@H](CC(=O)O)C(=O)N[C@@H](CC(=O)O)C(=O)N[C@@H](CCC(=O)O)C(=O)N[C@H](C(=O)N[C@@H](CC(C)C)C(=O)O)C(C)C,1,11.0
787,787,CC(=O)N[C@@H](Cc1ccc(OP(=O)(O)O)cc1)C(=O)N[C@@H](CC(C)C)C(=O)N1CCC[C@@H]1C(=O)N[C@@H](CCC(N)=O)C(=O)N[C@@H](CCS)C(=O)NCC(=O)O,1,12.5
788,788,CC(C)C[C@H](NC(=O)CC(O)[C@H](CC(C)C)NC(=O)CC(O)[C@H](Cc1ccccc1)NC(=O)CC(NC(=O)OCc1ccccc1)c1ccccc1)C(N)=O,1,20.5
789,789,COc1ccc(/C=C/C(=O)OCCCCNC(=O)c2cn(C3CC3)c3cc(N4CCN(CCOCCO)CC4)c(F)cc3c2=O)cc1OC,8,11.0
790,790,CC(C)CC(NC(=O)c1ccc(-c2ccc(NC(=O)Nc3ccccc3-c3ccccc3)cc2)nc1)C(O)C(O)CC(C)C(=O)NC(C(=O)NCCc1ccccc1)C(C)C,8,20.5
791,791,Cc1c(OCCCN2[C@H](C)CCC[C@@H]2C)cccc1-c1cccc2c1CC[C@@H]2Oc1cc(OCc2cc(C#N)cc(C#N)c2)c(CNCC(=O)O)cc1Cl,8,18.5
792,792,Cc1c(CCC(=O)N[C@@H](Cc2ccc(OCCc3ccccc3)cc2)C(=O)NS(=O)(=O)c2ccc(C(F)(F)F)cc2)c(=O)oc2cc(O)c(Cl)cc12,8,16.5
793,793,COc1cc2c(cc1OC)CN(C(=O)[C@@H](CC1CCCC1)NC(=O)N[C@@H](CC1CCCCC1)C(=O)N1C[C@@H](N)C[C@H]1C(=O)NC(C)(C)C)CC2,8,11.0
794,794,CN(C(=O)[C@H](Cc1ccccc1)NC(=O)c1ccc(NC(=O)c2ccccc2-c2ccc(C(F)(F)P(=O)(O)O)cc2)nc1)c1ccc(C(=O)N2CCCCC2)c(N)c1,8,17.0
795,795,O=C(NC(Cc1ccc(O)c(O)c1)C(=O)NC(Cc1ccc(-c2ccccc2)cc1)C(=O)NC(Cc1ccc(O)c(O)c1)C(=O)O)c1cc2cc(O)ccc2[nH]1,8,27.5
797,797,Nc1ncnc2c1nc(Br)n2C1O[C@H](CSCC[C@@H](NC(=O)[C@H](N)Cc2c[nH]c3ccccc23)C(=O)NCCc2c[nH]c3ccccc23)[C@@H](O)[C@H]1O,8,15.0
800,800,CC(NC(=O)[C@H](Cc1c[nH]c2ccccc12)NC(=O)[C@H](Cc1ccc2ccccc2c1)NC(=O)OCc1ccccc1)C1CCN(C(=O)[C@H](C)N)CC1,8,18.0
802,802,COc1cccc(C(=O)N[C@@H](Cc2ccccc2)[C@H](O)C(=O)N2C[C@@H](OC(=O)Cn3cc(C(=O)NCc4ccccc4)c4ccccc43)C[C@H]2C(=O)NC(C)(C)C)c1,8,12.5
803,803,CSCC[C@H](NC(=O)[C@H](CCC(N)=O)NC(=O)c1cc(Cl)ccc1OCc1ccccc1)C(=O)N1CCC[C@H]1C(=O)N1CCN(c2cccc(C(=O)O)c2)CC1,8,19.5
804,804,CC(C)C[C@H](NC(=O)[C@H](Cc1ccc2ccccc2c1)C[C@H](O)[C@H](Cc1ccccc1)NC(=O)OC(C)(C)C)C(O)CC(=O)N[C@H](C(=O)NCc1ccccc1)C(C)C,8,14.5
807,807,COc1ccccc1OCCC(=O)N[C@H](C(=O)N[C@@H](Cc1ccccc1)[C@H](O)C(=O)N1CSC(C)(C)[C@H]1C(=O)NCC(C)C)c1ccccc1,8,16.0
811,811,O=C(N[C@H](C(=O)N[C@@H](Cc1c[nH]c2ccccc12)[C@H](O)C(=O)N1CSC(CO)(CO)[C@H]1C(=O)N[C@H](CO)c1ccccc1)C(CO)CC1CC1)[C@@H]1CCCN1,8,11.0
813,813,C[C@H]1CN([C@@H](C)CO)C(=O)c2cc(NC(=O)CCCCCC(=O)Nc3ccccc3N)ccc2O[C@H]1CN(C)S(=O)(=O)c1ccc(F)cc1,8,18.0
818,818,CC(C)(C)OC(=O)N[C@@H](/C=C/CNC(=O)OCc1ccccc1)C(=O)N[C@@H](CCC(=O)OCc1ccccc1)C(=O)NCc1ccccc1,8,12.5
822,822,CCCC(C)N1CC(C(=O)NC(Cc2ccccc2)C(O)CN2CC3CCCCC3CC2C(=O)NC(CCCN=C(N)N)C(=O)NC(C(N)=O)C(C)CC)CC1=O,8,16.5
823,823,COc1cc(Oc2ccc(C(C)N(C[C@H](O)[C@H](Cc3ccccc3)NC(=O)O[C@H]3CO[C@H]4OCC[C@H]43)C(=O)C(C)C)cc2)ccn1,8,17.0
824,824,Cc1nc(C)c(C(=O)N[C@@H](Cc2ccc(-c3ccccc3)cc2)C(=O)N[C@@H](Cc2ccc(-c3ccccc3)cc2)C(=O)NS(=O)(=O)c2ccc(Cl)c([N+](=O)[O-])c2)nc1C,8,22.0
828,828,Cc1nnc(SCC(=O)NN=Cc2ccc(OCc3ccc(C(=O)NN=Cc4ccc(O)c(O)c4)o3)cc2)n1N=Cc1ccc(O)c(O)c1,8,11.5
829,829,CC(=O)O[C@H]1C(=O)[C@]2(C)[C@@H](OC(=O)/C=C/c3ccc(C(=O)O)cc3)C[C@H]3OC[C@@]3(OC(C)=O)[C@H]2[C@H](OCc2ccccc2)[C@]2(O)C[C@H](OC(C)=O)C(C)=C1C2(C)C,8,20.5
835,835,O=C(O)C[C@H](NC(=O)[C@H](CC(=O)O)NC(=O)[C@H](Cc1ccc2ccccc2c1)NC(=O)c1cc(Cl)ccc1O)C(=O)COc1c(F)c(F)cc(-c2ccccc2)c1F,8,16.5
837,837,O=C(C=Cc1ccc(O)c(O)c1)OC1OC(CO)C(O)C(OC(=O)C=Cc2ccc(O)c3oc(-c4ccc(O)c(O)c4)cc23)C1O,8,11.5
838,838,CS(=O)(=O)CCNC(=O)c1cccc2c1CCN2c1cc(Cc2cc(F)c(F)c(F)c2)cc(C(=O)NCc2c(C(F)(F)F)n[nH]c2C(F)(F)F)c1,8,13.0
840,840,C[C@H]1CN([C@@H](C)CO)C(=O)c2cc(NC(=O)CCCCCC(=O)Nc3ccccc3N)ccc2O[C@@H]1CN(C)Cc1ccc(-c2ccccc2)cc1,8,12.0
842,842,N#Cc1cc(NC(=O)[C@H](CCCCNC(=O)c2ccccc2C(=O)O)NCc2ccccc2)ccc1OCc1cccc(-c2ccccc2)c1,8,23.5
843,843,CC[C@@H](C)[C@H](NC(=O)[C@H](Cc1c[nH]c2ccccc12)NC(=O)c1cc(-c2ccccc2)on1)C(=O)N[C@@H](CCCN=C(N)N)C(N)=O,8,12.0
844,844,COC(=O)N[C@H](C(=O)N[C@H](c1ccc([C@@H](CO)N(CCC(C)(C)C)S(=O)(=O)c2ccc3ncsc3c2)s1)C(F)(F)F)C(c1ccccc1)c1ccccc1,8,14.0
845,845,C[C@H](NC[C@H](O)[C@H](Cc1ccccc1)NC(=O)c1cc(C(=O)N[C@H](C)c2ccccc2)cc(N(c2ccccc2)S(C)(=O)=O)c1)C(=O)N[C@H]1c2ccccc2C[C@H]1O,8,13.5
846,846,CC(C)C[C@H](NC(=O)[C@H](Cc1ccccc1)NC(=O)CNC(=O)[C@@H]1CCCN1)C(=O)N[C@@H](CC(C)C)C(=O)N1CCC[C@H]1C(=O)N1CCC(C(=O)O)CC1,8,11.0
847,847,CC(C)C[C@@H]1NC(=O)[C@H](C(C)C)NC(=O)[C@H](Cc2ccccc2)NC(=O)[C@H](CO)NC(=O)CNC(=O)[C@H](CCCNC(=N)N)NC(=O)CCCNC1=O,8,11.0
850,850,CCN(CC)CCOc1ccc(-c2nc3ccc(-c4nc5ccc(N6CCN(Cc7ccccc7)CC6)c([N+](=O)[O-])c5[nH]4)cc3[nH]2)cc1OCCN(CC)CC,8,12.5
851,851,CC(C)CC(=O)N[C@@H](Cc1ccccc1)C(=O)N[C@H](CCCCNC(=O)Nc1ccccc1-c1ccccc1)C(=O)N[C@@H](CC(C)C)C(=O)[C@@]1(C)CO1,8,18.5
852,852,CC(C)[C@H](NC(=O)[C@H](Cc1ccccc1)NC(=O)c1ccc(C(=O)NO)cc1)C(=O)N[C@@H](CC(=O)O)C(=O)c1ncc(-c2ccccc2)o1,8,15.5
854,854,CC(=O)N[C@H](C(=O)N1CCC[C@H]1C(=O)N[C@H](CC(=O)c1ccc(-c2ccc([C@H]3CC[C@H](CCC(=O)O)CC3)cc2)cc1)C(=O)O)C(C)C,8,14.5
855,855,COc1ccc(CSCc2cn(CC(=O)[C@H](Cc3ccc(NC(=O)c4ccccc4-c4ccccc4)cc3)NC(=O)[C@H](CCCNC(=N)N)NC(=O)Cc3ccccc3)nn2)cc1,8,19.5
856,856,CCOC(=O)N[C@H](C(=O)N[C@@H](Cc1ccccc1)C[C@H](O)[C@H](Cc1ccccc1)NC(=O)[C@@H]1CN(c2cccc(F)c2)C(=O)O1)C(C)(C)C,8,19.5
857,857,CCOC(=O)C1C(c2ccc(NS(=O)(=O)c3ccc(C)cc3)cc2)N(C(=O)CC)C(c2ccc(C(F)(F)F)cc2)C(C(=O)OCC)S1(=O)=O,8,16.0
858,858,COP(=O)(OC)C(O)C(CC1CCNC1=O)NC(=O)C(Cc1ccccc1)NC(=O)C(Cc1ccc(N=[N+]=[N-])cc1)NC(=O)c1ccc(N)cc1,8,17.0
859,859,CO[C@@]1(/C(C)=C/c2ccc(OCCO[N+](=O)[O-])cc2)C=CO[C@@H](O[C@@H]2O[C@H](CO)[C@@H](O)[C@H](O)[C@H]2O)[C@@H]1COC(=O)/C=C/c1ccc(O)cc1,8,23.0
861,861,CC(Sc1ncn[nH]1)C(=O)NC(Cc1ccccc1)C(O)CNC(Cc1ccccc1)C(=O)NC(C(=O)NCc1ccccc1)C(C)C,8,13.5
862,862,C=C/C(C)=C/C[C@]1(C)[C@H](C)C[C@H](OC(=O)c2ccc(-c3cccs3)cc2)[C@@]23C(=C[C@H](OCC(=O)N[C@@H](C)C(=O)O)C[C@@H]12)[C@@H](OC(=O)CC(C)C)O[C@H]3OC(C)=O,8,17.5
864,864,CC(Oc1ccc2c(c1)OCO2)C(=O)NC(Cc1ccccc1)C(O)CN(CC(C)(C)S(=O)(=O)c1ccc(N)cc1)S(=O)(=O)c1ccc(C(F)(F)F)cc1,8,14.5
865,865,C[C@@H]1CN([C@@H](C)CO)C(=O)c2cc(NC(=O)CCCCCC(=O)Nc3ccccc3N)ccc2O[C@@H]1CN(C)Cc1ccc(Oc2ccccc2)cc1,8,13.5
866,866,C=C1[C@@H](C(=O)NCCNC(=O)[C@@H](NC(=O)[C@@H](N)CCCCN)C(C)C)CC[C@]2(C)[C@H]3CCC4[C@@]5(C)CC[C@H](OC(C)=O)C(C)(C)C5CC[C@@]4(C)[C@]3(C)CC[C@@H]12,8,13.5
867,867,C[C@@H](NC(=O)[C@@H](CCCNC(=N)N)NC(=O)c1ccc(/C=C2/Oc3ccccc3N(Cc3ccc(C(=O)O)cc3)C2=O)cc1)c1cccc2ccccc12,8,14.5
869,869,CCN(CC)C(=O)C(CCCN(C(=N)N)C1CN(C(=N)NC(=O)CCCc2cccc(Cl)c2)N=C(N)N1)NS(=O)(=O)c1cccc2c(F)cccc12,8,14.0
870,870,CC(C)[C@H](NCC(=O)N1CCC(NC(=O)c2cc(C3CC3)on2)CC1)C(=O)N[C@@H](Cc1ccccc1)[C@@H](O)C(=O)N1CSC(C)(C)[C@H]1C(=O)N[C@@H](Cc1ccccc1)C(N)=O,8,18.5
872,872,Cc1cc(/C=C2\SC(=S)N(CCC(=O)Nc3ccc(C(=O)OCCCCCCCCCCCn4ccnc4)c([N+](=O)[O-])c3)C2=O)c(C)n1-c1cccc(C(=O)O)c1,8,16.0
873,873,Cc1cc(SC2C(=O)CC(CCc3ccc(O)cc3)(C(C)C)OC2=O)c(C(C)(C)C)cc1NC(=O)CCc1ccc(NS(C)(=O)=O)cc1,8,12.5
874,874,CCC(NC(=O)[C@@H]1C[C@@H](Oc2nc3ccccc3o2)CN1C(=O)[C@H](NC(=O)[C@H](NC(=O)c1cnccn1)C(C)C)C(C)C)C(=O)C(=O)NC1CC1,8,13.0
875,875,CC(C)[C@H](NC(=O)OCc1ccccc1)C(=O)N[C@@H](Cc1ccccc1)[C@@H](O)C[C@@H](Cc1ccc(-c2ccccc2)cc1)C(=O)N[C@H]1c2ccccc2C[C@H]1O,8,15.0
876,876,CSc1ccccc1S(=O)(=O)N1Cc2nc(-c3ccccc3)cc(-c3ccc(C)o3)c2C[C@H]1C(=O)N[C@@H](Cc1ccc(NC(=O)c2c(Cl)cncc2Cl)cc1)C(=O)O,8,15.5
878,878,NS(=O)(=O)c1ccc(CNC(=O)c2ccc(CNC(=O)c3ccc(C(=O)Nc4ccc(Cl)cc4C(=O)Nc4ccc(Cl)cc4)cc3)cc2)cc1,8,15.5
879,879,COc1ccc(CC(C)CNC(=O)NCc2ccc(C(=O)N[C@@H](Cc3ccccc3)C(=O)O)c(CNC(=O)c3cc4ccccc4[nH]3)c2)cc1,8,21.0
880,880,COc1ccc(C(CCCNCCOc2cccc3c2ccc2nc(C)n(CCCCC4CCN(CC5CCCCC5)CC4)c(=O)c23)(OC)OC)cc1,8,18.0
882,882,CO/N=C(\C(=O)N[C@@H](CC(N)=O)C(=O)N[C@@H]1C(=O)N2C(C(=O)O)=C(CSc3nnc(O)n3-c3ccc(Cl)c(Cl)c3)CS[C@H]12)c1csc(N)n1,8,19.0
884,884,COc1cc(/C=C/C(=O)OC[C@H](Cc2ccc(O)c(OC)c2)NC(=O)[C@H](Cc2ccc(O)c(OC)c2)NC(=O)c2ccccc2)ccc1O,8,13.5
890,890,CCCC[C@H](NC(=O)[C@H](Cc1ccccc1)NC(=O)CCc1c[nH]c2ccccc12)C(=O)C(=O)N1CCCC[C@H]1c1nc(-c2ccc3ccccc3c2)no1,8,11.0
892,892,C[C@@H]1CN([C@@H](C)CO)C(=O)c2cc(NC(=O)CCCCCC(=O)Nc3ccccc3N)ccc2O[C@@H]1CN(C)Cc1cccc2ccccc12,8,23.5
893,893,COc1ccc(CN2C(=O)N(C[C@H](Cc3ccccc3)NC(=O)OC(C)(C)C)[C@@H](Cc3ccccc3)C[C@@H](NCc3ccccc3)[C@@H]2CCc2ccccc2)cc1,8,25.5
894,894,Cc1cc(O)cc(C)c1C[C@@H](N)C(=O)N1Cc2ccccc2C[C@H]1C(=O)N[C@@H](Cc1ccccc1)C(=O)N[C@@H](Cc1cnc[nH]1)C(=O)N[C@@H](Cc1cnc[nH]1)C(N)=O,8,23.0
895,895,COC(=O)[C@@]1(Cc2ccc(OCCCCCCCCCCC[P+](c3ccccc3)(c3ccccc3)c3ccccc3)cc2)C[C@@H](O)[C@@H](NC(C)C)CN1C,8,11.5
896,896,COC(=O)C(NC(C)=O)c1cc([N+](=O)[O-])c(OCC(=O)NC(Cc2cnc[nH]2)C(=O)N2CCC(N3C(=O)OCc4ccccc43)CC2)c([N+](=O)[O-])c1,8,15.5
899,899,CCN(CC)CCNC(=O)c1ccc(NC(=O)c2ccccc2NC(=O)COc2ccc(C(=O)/C=C/c3ccccc3[N+](=O)[O-])cc2)cc1,8,31.5
903,903,CC(=O)O[C@H]1C(=O)[C@]2(C)[C@@H](OC(=O)CC(C)C)C[C@H]3OC[C@@]3(OC(C)=O)[C@H]2[C@H](OC(=O)c2ccccc2)[C@]2(O)C[C@H](OC(C)=O)C(C)=C1C2(C)C,8,13.0
904,904,CC(=O)OCC1OC(Oc2cc(C)c(O)c3c2[C@@H](OC(C)=O)O[C@@H]3c2cc(O)c(OC(C)=O)c(OC(C)=O)c2)[C@H](OC(C)=O)[C@@H](OC(C)=O)[C@H]1OC(C)=O,8,13.5
905,905,COC(=O)[C@@H](C(C)C)N(Cc1cccc(Cn2cc(-c3ccc(CN(C(=O)O[C@H](C)C(F)(F)F)[C@H](C)CF)cc3)cn2)c1)S(=O)(=O)c1cccc(-c2nnn[nH]2)c1,8,14.0
912,912,CCCCc1nn(-c2cc(NC(C)=O)ccc2Cl)c(=O)n1Cc1ccc(-c2ccccc2)cc1-c1ccccc1S(=O)(=O)NC(=O)OCC1CCCC1,8,15.0
913,913,CC(=O)N[C@@H](Cc1ccc(OP(=O)(O)O)cc1)C(=O)N[C@@H](CC(C)C)C(=O)Nc1cccc2ccc(OCC(=O)NCc3ccccc3)cc12,8,14.5
917,917,COc1cc(NC(C)CCCNC(=O)N(CCCN2CCOCC2)C(C)C(=O)NC(Cc2ccccc2)C(=O)NC(Cc2ccccc2)C(N)=O)c2ncccc2c1,8,18.0
922,922,CC(CC(O)C(Cc1ccccc1)NC(=O)c1cc(NCCC(=O)N(C)C)cc(N2CCCC2=O)c1)C(=O)NC1c2ccccc2CC1O,8,11.0
924,924,O=C(O)C[C@H](NC(=O)[C@H](CC(=O)NCCCOc1cccc(CN2CCCCC2)c1)NC(=O)c1cccc(-c2ccccc2)n1)C(=O)COc1c(F)c(F)cc(F)c1F,8,12.5
925,925,CCC(CC)(CNC(=O)C1CNCCN1C(=O)OC(C)(C)C)C(=O)N[C@H](Cc1ccccc1)[C@H](O)C(=O)N1CSC(C)(C)[C@H]1C(=O)NC(C)(C)C,8,12.0
928,928,CC(C)[C@H](NC(=O)c1cc(-c2ccc(OCc3ccccc3)cc2)n(Cn2ccnc2)n1)C(=O)N[C@@H](C)C(=O)N[C@@H](Cc1ccccc1)C(=O)NS(=O)(=O)CCc1ccccc1,8,19.5
929,929,CCCNc1nc(N)nc2c1ncn2C1O[C@H](COP(=O)(NC(C(=O)OCC)C(C)C)Oc2cccc3ccccc23)[C@@H](O)[C@@]1(C)O,8,14.5
933,933,CC1(O)[C@@H](CO)O[C@@H](n2cnc3c(NCc4cccc(I)c4)nc(NCCCOC(=O)c4cccc5c4C(=O)c4cccc(C(=O)O)c4-5)nc32)[C@@H]1O,8,12.5
934,934,CC(C)(C)OC(=O)N[C@@H](Cc1c[nH]c2ccccc12)C(=O)N[C@@H](Cc1ccccc1)C(=O)N[C@@H](CCCNC(=N)N)C(=O)N[C@@H](Cc1c[nH]c2ccccc12)C(N)=O,8,11.0
937,937,O=C(CCCCc1ccccc1)C(=O)N1CCC[C@H]1C(=O)NCC(=O)N1CCCC1C(=O)N1CCN(C(=O)CCCCCCn2cc(CCO)nn2)CC1,8,14.0
938,938,CC(=O)OC[C@H]1O[C@@H](SCCNC(=O)Cn2cc(Cc3cncnc3)c(=O)nc2SCc2ccc(F)cc2)[C@H](OC(C)=O)[C@@H](OC(C)=O)[C@@H]1OC(C)=O,8,19.5
942,942,COc1ccc(C2(O)OC(=O)C(c3cc(OC)c(OC)c(OC)c3)=C2Cc2cc(OC)c(OC)c(OCCCCc3ccccc3)c2)cc1OC,8,12.5
944,944,CN(Cc1ccccc1)C(=O)c1ccc(NC(=O)NCc2ccccc2-c2nc(N(C)Cc3ccccc3OCCCC(=O)O)c3ccccc3n2)cc1,8,13.5
946,946,CC(C)CC(NC(=O)[C@H](Cc1c[nH]c2ccccc12)NC(=O)c1cc(CCc2ccccc2)on1)C(=O)NC(Cc1ccccc1)C(=O)NCc1ccccc1,8,14.0
950,950,COC(=O)Nc1ccc(-c2nc([C@H](Cc3ccc(NS(=O)(=O)Oc4ccccc4)cc3)NC(=O)[C@H]3CCCN3C(=O)[C@H](CO)NC(=O)OC(C)(C)C)sc2C)cc1,8,17.0
951,951,CC(=O)Oc1ccc(C(=O)NC(Cc2ccc(Cl)cc2)C(=O)OCC(=O)NCCNc2ccnc3cc(Cl)ccc23)cc1OCc1ccncc1,8,15.0
955,955,CC(C)(C)[C@@H]1NC(=O)[C@H](CCCCCSSCCCNC(=O)[C@@H](N)Cc2ccc(O)cc2)NC(=O)[C@H](Cc2c[nH]c3ccccc23)NC1=O,8,18.0
956,956,CCCOc1ccc(CNC(=O)C2CC(O)CN2C(=O)C(C(C)CC)N(C)C(=O)c2ccc(OP(=O)(O)O)cc2)cc1-c1ccc(C(C)=O)cc1,8,12.0
957,957,CCCS(=O)(=O)N[C@@H](CNC(=O)c1cc2cc(/C(=N/OCC(C)C)c3cccc(C(=O)N(C)Cc4ccncc4)c3)ccc2[nH]1)C(=O)O,8,11.0
959,959,COc1cc(/C=C/C(=O)OCC2OC(Oc3ccc(/C=C/c4cc(OC)c(OC)c(OC)c4)cc3)C(O)C(O)C2O)cc(OC)c1OC,8,12.5
960,960,CCN(CC)C(=O)[C@H](Cc1ccc2ccccc2c1)NC(=O)[C@@H](CCCN=C(N)N)N(C)C(=O)[C@@H](N)Cc1c(C)[nH]c2ccccc12,8,12.5
961,961,COc1cc(OC)cc(C(=O)N[C@@H](CSC)C(=O)N[C@@H](Cc2ccc3ccccc3c2)[C@H](O)C(=O)N2C[C@H](OCc3ccccc3OC)C[C@H]2C(=O)NC(C)(C)C)c1,8,17.5
964,964,O=C(NCP(=O)(O)O)C1=CC[C@@H](c2ccc(C(F)(F)P(=O)(O)O)cc2)N(S(=O)(=O)c2ccc(-c3ccccc3)cc2)[C@H]1c1ccc(C(F)(F)F)cc1,8,16.0
965,965,N#COCCOCCOCCNc1ncnc(Nc2ccc(C(=O)Nc3cc(NCCCN4CCOCC4)nc(N4CCOCC4)n3)cc2)n1,8,16.5
967,967,CCCCCCCCn1c2ccccc2c2ccc(OCC(=O)N[C@H](COP(=O)(O)OC[C@@H]3C=C[C@H](n4cnc5c(N)ncnc54)O3)Cc3ccccc3)cc21,8,15.5
969,969,COC(=O)[C@H](Cc1c[nH]c2ccccc12)NC(=O)[C@@H](NC(=O)[C@H](Cc1c[nH]c2ccccc12)NC(=O)c1ccc(N=[N+]=[N-])cc1)C(C)C,8,16.0
970,970,CC[C@H]1OC(=O)[C@H](C)[C@@H](OC(=O)NCCCc2cccnc2)[C@H](C)[C@@H](O[C@@H]2O[C@H](C)C[C@H](N(C)C)[C@H]2O)[C@](C)(O)C[C@@H](C)CN(C)[C@H](C)[C@@H](OC)[C@]1(C)O,8,14.5
972,972,CC(C)C[C@H](NC(=O)CNC(=O)[C@H](Cc1ccccc1)NC(=O)c1cc(O)n(-c2ccccc2)n1)C(=O)N[C@@H](CC(=O)O)C(=O)COc1c(F)c(F)cc(F)c1F,8,15.0
973,973,CCOC(=O)c1[nH]c2cc(Cl)ccc2c1C(C(=O)NC(C)(C)C)N(Cc1cc(F)cc(F)c1)C(=O)Cc1ccc(OCc2ccccc2)cc1,8,26.0
974,974,O=C(NC(C=CS(=O)(=O)c1ccc(-n2cc(CCNC(=O)c3cccnc3)c(-c3ccc(Br)cc3)n2)cc1)CCc1ccccc1)OCc1ccccc1,8,14.0
978,978,CC(=O)O[C@@H]1C[C@@]2(C)[C@@H](CC[C@H]3[C@@]4(C)CC[C@H](OC(=O)c5cccnc5)C(C)(C)[C@@H]4CC[C@]32C)/C1=C(\CCC=C(C)C)C(=O)OC/C=C/c1ccccc1,8,21.0
979,979,Cc1ccc(Cc2cc(CCc3ccc(C(=O)N[C@@H](CCC(=O)O)C(=O)O)cc3)cc(C3OC(CO)[C@@H](O)[C@H](O)C3O)c2)cc1C,8,16.5
982,982,COC(=O)C(Cc1ccccc1)NC(=O)C(CC(C)C)NC(=O)C(NC(=O)Cc1ccccc1)C(Cc1ccccc1)NC(=O)c1ccccc1,8,13.5
984,984,CCCCCOc1ccc(C(=O)NC2(C(=O)NS(=O)(=O)c3ccc(-c4ccc(C)o4)cc3)CCCC2)cc1Cc1ccc(OC(=O)NCCCC)cc1,8,17.0
986,986,C=CC[C@H](NC(=O)[C@H](Cc1ccccc1)NS(=O)(=O)N1CCOCC1)C(=O)N[C@@H](CC1CCCCC1)[C@@H](O)C(=O)N1CSC(C)(C)[C@H]1C(=O)NCCOC,8,13.0
987,987,CC(C)CN(C[C@@H](O)[C@H](Cc1ccccc1)NC(=O)c1ccc(OCC(=O)N2CCOCC2)c(OCC(=O)N(C)C)c1)S(=O)(=O)c1ccc(CO)cc1,8,17.5
988,988,CCC(C)NC(=O)[C@H](C)C[C@H](O)[C@H](CC1CCCCC1)NC(=O)[C@H](CC(C)C)NC(=O)[C@@H]1Cc2ccccc2CN1C(=O)OCCC(C)C,8,16.5
989,989,CC(C)(C)NC(=O)[C@H](Cc1ccc(O)cc1)NC(=O)[C@H](Cc1c[nH]c2ccccc12)NC(=O)[C@H](CCCNC(=N)N)NC(=O)Cc1ccc(O)cc1,8,13.0
991,991,CC(C)(C)OC(=O)N[C@@H](Cc1ccccc1)C(=O)N[C@@H](Cc1c[nH]cn1)C(=O)N[C@@H](CC1CCCCC1)[C@@H](O)[C@@H](O)CC(=O)NCCc1ccccn1,8,14.0
992,992,CCN(CCCCO)C(=O)N1CCN(C(=O)N(C)c2ccc(C(=O)O)cc2)[C@H](C(=O)NC(Cc2ccccc2)C(O)C(=O)NC(C)C(=O)NCc2ccccn2)C1,8,13.5
994,994,CCCC(=O)Nc1ccc2nc(NC(=O)CCCCCCC(=O)Nc3ccc(Nc4nc(-c5ccccc5OC)nc(N5CCOCC5)n4)cc3)sc2c1,8,12.5
995,995,Cc1cc(C)c(NC(=O)c2ccc(N3CCC(F)(COCCOCCOCCOc4ccc(-c5cc(=O)c6ccccc6o5)cc4)CC3)cc2)c(C)c1,8,14.5
999,999,CC(C)(C)OC(=O)N[C@@H](Cc1ccccc1)[C@@H](OC(=O)[C@H](Cc1ccccc1)NC(=O)OCc1ccccc1)C(=O)N[C@H]1C(=O)N2[C@@H](C(=O)OC(C)(C)C)C(C)(C)S(=O)(=O)[C@H]12,8,11.0
